feature_name,feature_length
AAAS,4727
AADAT,2970
AAGAB,4138
AAK1,24843
AAR2,7291
AARSD1,3704
AASDHPPT,6003
AASS,10816
AATK,13177
ABCA5,13158
ABCA7,9591
ABCB10,4268
ABCB4,7728
ABCC3,9615
ABCC4,8629
ABCD1,4238
ABCD3,7655
ABCD4,8922
ABCE1,6254
ABCF3,5207
ABHD1,4630
ABHD10,3026
ABHD13,5313
ABHD15,3492
ABHD17A,6163
ABHD17B,3221
ABHD18,6733
ABHD6,3563
ABHD8,2162
ABL2,16689
ABLIM2,6166
ABRAXAS1,7699
ABTB1,6155
ACAD8,7121
ACAD9,11841
ACADSB,6234
ACADVL,4820
ACAP2,11096
ACBD3,3589
ACBD4,3776
ACBD5,11794
ACER3,23102
ACHE,4074
ACKR2,5460
ACO1,7555
ACO2,11812
ACOT11,9770
ACOT2,2337
ACOX3,3846
ACP2,3484
ACP5,2919
ACRBP,2816
ACSF2,5797
ACSF3,14575
ACSL1,6134
ACSL3,14436
ACSL4,9971
ACSL5,4137
ACSS1,8691
ACSS2,5248
ACTN2,17976
ACTR1A,4655
ACTR1B,2853
ACTR2,4312
ACTR3,11946
ACTR3B,6024
ACTR3C,6460
ACVR1,9842
ACVR2A,6448
ADA2,8704
ADAM10,15979
ADAM15,6584
ADAM17,10728
ADAM19,7704
ADAM32,10050
ADAM8,4763
ADAM9,17704
ADAMDEC1,2438
ADAMTS10,5705
ADAMTS17,8390
ADAMTS6,8565
ADAMTSL2,4677
ADAMTSL4,6432
ADAP1,5063
ADARB2,10567
ADAT1,6118
ADAT2,7197
ADAT3,2216
ADCK1,5293
ADCK2,3110
ADCY7,8595
ADD3,6539
ADGRA1,4357
ADGRB1,7356
ADGRB3,7635
ADGRD1,14718
ADGRE1,3707
ADGRG1,9011
ADGRG6,8473
ADH5,4866
ADHFE1,3378
ADIPOR1,3113
ADIRF,758
ADM,2325
ADNP2,5657
ADORA2B,2338
ADORA3,2560
ADPGK,6006
ADPRH,4615
ADPRHL1,11044
ADRB1,3039
ADSL,12109
AEBP2,6768
AEN,5976
AFG1L,8353
AFG3L2,6708
AFTPH,5767
AGAP2-AS1,1500
AGAP3,11299
AGAP4,3461
AGAP5,3061
AGAP6,5616
AGAP9,2387
AGBL3,7307
AGBL5,5283
AGGF1,5032
AGL,8157
AGMO,3588
AGO3,21153
AGO4,7423
AGPAT4,14253
AGPAT5,6236
AGPS,15223
AGTPBP1,4939
AHCY,3894
AHI1,31596
AIFM2,5135
AIFM3,5260
AK1,2593
AK2,9625
AK3,4395
AK5,6948
AK8,2731
AK9,10099
AKAP10,4839
AKAP13,20280
AKAP5,7512
AKAP8,6299
AKAP8L,8576
AKAP9,26515
AKIRIN1,2688
AKNA,10601
AKNAD1,5039
AKR1C3,3911
AKT1S1,5737
ALCAM,7179
ALDH18A1,3759
ALDH1A1,2840
ALDH1A2,8127
ALDH3A2,15331
ALDH3B1,6626
ALDH7A1,17914
ALDH9A1,3308
ALDOC,2612
ALG1,10637
ALG12,5330
ALG2,2970
ALG6,5487
ALKBH1,2847
ALKBH2,2290
ALKBH5,3601
ALKBH6,4293
ALKBH8,4501
ALOX12-AS1,6473
ALOX15B,3011
ALPK1,12326
ALPK2,9565
ALYREF,1583
AMD1,10193
AMDHD2,4366
AMH,2587
AMIGO2,3964
AMMECR1,6714
AMPD2,9301
AMPD3,6793
AMPH,5489
AMT,5675
AMZ1,10165
ANAPC1,13984
ANAPC4,7444
ANAPC5,12259
ANAPC7,6009
ANGEL2,7317
ANGPTL1,3598
ANGPTL4,2475
ANK3,25759
ANKAR,5758
ANKDD1A,5033
ANKH,12695
ANKLE1,3569
ANKMY1,11477
ANKMY2,2851
ANKRD10,4563
ANKRD11,19527
ANKRD12,12248
ANKRD13C,6184
ANKRD13D,5890
ANKRD16,3060
ANKRD23,4103
ANKRD26,13564
ANKRD28,11276
ANKRD29,6417
ANKRD35,3363
ANKRD36,11284
ANKRD36B,6771
ANKRD36C,8574
ANKRD42,6751
ANKRD46,5820
ANKRD54,4390
ANKRD65,2644
ANKRD9,7208
ANKS1A,8498
ANKS1B,11053
ANKS3,7868
ANKZF1,6103
ANLN,5997
ANO10,5285
ANO4,4997
ANO5,19477
ANO7,5695
ANOS1,7082
ANP32E,3605
ANPEP,5046
ANXA1,4453
ANXA11,8513
ANXA2,11574
ANXA5,2925
ANXA6,5478
AP1AR,6504
AP1B1,6555
AP1G2,6897
AP1M1,14094
AP1S1,1699
AP1S2,5428
AP1S3,5947
AP2A1,8714
AP2M1,4756
AP3B1,5452
AP4E1,7354
AP4M1,4722
AP4S1,10076
AP5B1,6980
AP5Z1,8398
APAF1,7759
APBA1,11447
APBA3,5596
APBB1,5244
APEH,4425
APEX2,3239
APH1A,3473
APH1B,5443
API5,4651
APLF,7124
APLP1,3539
APLP2,7463
APOBEC3C,2644
APOBEC3F,5215
APOBR,3798
APOC2,1263
APOD,2022
APOE,2154
APOL1,3458
APOL3,5901
APOL4,4420
APOOL,6496
APPL1,7516
APPL2,5088
AQP11,2125
AQP3,2911
AQP9,3235
AQR,13431
ARAF,3409
ARAP1,9061
ARAP2,12427
ARC,2993
ARF6,3875
ARFGAP2,5918
ARFIP1,4269
ARFIP2,5312
ARFRP1,7627
ARHGAP10,10755
ARHGAP12,5944
ARHGAP17,9903
ARHGAP20,7139
ARHGAP26,17158
ARHGAP30,5064
ARHGAP45,6237
ARHGAP6,8893
ARHGDIA,2875
ARHGEF1,8624
ARHGEF10L,7954
ARHGEF19,3788
ARHGEF37,5299
ARHGEF39,6405
ARHGEF7,11768
ARID2,12086
ARID3B,6183
ARID4B,11073
ARID5B,8760
ARIH1,22878
ARIH2,8017
ARL1,4935
ARL15,3800
ARL2BP,1994
ARL4C,4041
ARL5A,6721
ARL5B,7170
ARL6,4561
ARL6IP1,3558
ARL8A,1975
ARL8B,3546
ARL9,2254
ARMC1,3419
ARMC2,4254
ARMC5,5545
ARMC6,4052
ARMC7,2830
ARMC8,9843
ARMC9,23371
ARMCX1,2125
ARMCX3,4239
ARMCX5,4911
ARNTL,6934
ARPC1A,2065
ARPP21,10156
ARRB1,9888
ARRDC1-AS1,3545
ARRDC2,4637
ARRDC3,4985
ARSA,4501
ARSB,8899
ARSG,6583
ARSK,4325
ART3,3279
ASAH1,15378
ASAH2B,6481
ASB13,3003
ASCC3,11731
ASCL1,2481
ASCL2,1485
ASF1A,2589
ASF1B,1958
ASGR1,3748
ASH2L,5659
ASIC1,5745
ASIC3,2748
ASIC4,5250
ASNS,4896
ASNSD1,2485
ASPA,5845
ASPHD1,2312
ASPHD2,3370
ASPSCR1,12097
ASRGL1,4586
ASS1,3018
ASTE1,3427
ASXL3,13636
ATAD1,5745
ATAD2,7100
ATAD2B,10501
ATAD3B,7686
ATAD3C,3981
ATAD5,7079
ATCAY,5304
ATE1,5385
ATF2,5751
ATF4,2613
ATF5,2892
ATF6,14263
ATF7IP,13141
ATG14,5025
ATG16L2,8519
ATG2A,7833
ATG7,8833
ATG9B,6391
ATL1,16489
ATL2,5810
ATM,39184
ATOH8,9296
ATP10B,11310
ATP10D,7978
ATP11B,9187
ATP11C,7407
ATP13A3,13254
ATP1A1,7277
ATP1B1,2865
ATP2A3,6893
ATP2B1,9500
ATP2C1,8510
ATP6AP1L,7229
ATP6V0A1,10926
ATP6V0E2,6749
ATP6V1A,5116
ATP6V1B2,7797
ATP6V1C1,5851
ATP6V1E2,5303
ATP7A,11769
ATP8A1,11199
ATP8B3,7014
ATP8B4,11062
ATP9B,14934
ATRIP,5431
ATRX,22740
ATXN10,5127
ATXN2,16540
ATXN3,9661
ATXN7L1,8585
AUNIP,2408
AURKA,2928
AURKB,2241
AURKC,1948
AUTS2,24887
AVEN,4005
AVIL,5889
AXL,5134
AZGP1,2584
AZIN2,9581
B3GALT2,3548
B3GALT6,2805
B3GAT2,6587
B3GLCT,4527
B3GNT2,2859
B3GNT5,8125
B3GNT7,3639
B4GALNT4,4059
B4GALT1,4896
B4GALT4,6988
BACE2,9631
BACH1,7666
BACH2,9787
BAG2,6651
BAG3,2737
BAG4,4809
BAIAP2,10294
BAMBI,2139
BANK1,6144
BARD1,7572
BATF2,2815
BATF3,2569
BAZ2B,20247
BBC3,3185
BBOF1,4624
BBOX1,2464
BBS4,4148
BBS7,4930
BBX,11892
BCAN,4765
BCAR3,6919
BCAS1,8186
BCAS4,2084
BCAT2,4553
BCDIN3D,3694
BCHE,3072
BCKDHB,4071
BCL11A,24514
BCL11B,8528
BCL2,12612
BCL2L1,4197
BCL2L11,6656
BCL3,3094
BCL7B,3230
BCLAF1,9533
BCLAF3,8630
BCO2,6763
BCOR,9965
BCS1L,3379
BDH2,5213
BECN1,6414
BEND5,2142
BEND6,5611
BEND7,10018
BEST1,8688
BEST3,6863
BET1L,3868
BEX1,795
BEX2,1137
BEX3,1112
BEX5,983
BHLHE40,3516
BHLHE41,3854
BICDL1,5484
BIN1,6862
BIN3,5080
BIRC2,4532
BIRC3,7518
BIRC5,3815
BLM,7876
BLMH,5119
BLOC1S3,3376
BLOC1S5,3297
BLOC1S6,6773
BLZF1,3820
BMF,5447
BMP2K,9931
BMP7,5425
BMS1,7759
BMT2,4097
BNC2,15323
BNIP2,7969
BNIP3,5325
BNIP3L,4149
BOD1,2386
BOD1L1,15862
BOK,2680
BOP1,3841
BORA,3189
BORCS8,5372
BPGM,2539
BPHL,5780
BPNT1,3113
BPTF,15119
BRAP,4656
BRAT1,6673
BRCA1,9306
BRCA2,12778
BRD1,5850
BRD3,6885
BRD4,13884
BRD7,8546
BRD8,7009
BRD9,9549
BRF2,2717
BRI3BP,6703
BRICD5,1038
BRINP2,4492
BRINP3,4273
BRIP1,19639
BRMS1L,3877
BROX,4980
BRSK2,6903
BSG,4418
BTAF1,7581
BTBD10,3488
BTBD17,1727
BTBD19,3520
BTBD6,2400
BTG2,2757
BTN2A1,3787
BTN2A2,6398
BTN3A1,5539
BTN3A2,7042
BUB1,6304
BUB1B,4463
BUD13,2195
BYSL,1937
BZW1,8085
C10orf88,3083
C10orf90,5659
C11orf21,4074
C11orf24,3403
C11orf45,3750
C11orf54,6269
C11orf65,3769
C11orf68,1704
C11orf71,2203
C11orf80,3953
C11orf96,1913
C12orf29,6395
C12orf4,4932
C12orf43,6140
C12orf60,4518
C14orf28,3884
C14orf93,4257
C15orf40,13899
C16orf46,2376
C16orf74,2181
C16orf89,2067
C17orf100,2433
C17orf107,3410
C17orf49,2628
C17orf75,5742
C18orf32,5747
C18orf54,6175
C19orf12,5327
C19orf18,915
C19orf48,3256
C19orf54,3736
C19orf73,742
C1GALT1,7773
C1QB,1492
C1QC,1332
C1QL1,1527
C1QTNF2,2411
C1QTNF4,1413
C1orf109,4443
C1orf112,5970
C1orf159,6322
C21orf58,5315
C21orf91,6228
C22orf23,2283
C2orf49,4595
C2orf68,5813
C2orf69,4259
C2orf80,1392
C2orf88,5997
C3orf33,2061
C3orf62,4142
C3orf70,7159
C4orf19,4470
C4orf46,3630
C4orf47,1366
C5AR2,6776
C5orf15,2301
C5orf22,4146
C5orf24,5759
C5orf34,3006
C5orf63,4527
C6orf118,2238
C6orf120,2667
C7orf26,2724
C7orf31,3842
C8orf33,4353
C8orf58,3319
C8orf82,3001
C8orf88,1041
C9orf116,1864
C9orf40,2351
C9orf64,2754
CA11,1946
CA14,3296
CA2,2007
CA3,2279
CA5B,8522
CA8,7706
CAB39,5363
CAB39L,4944
CABLES1,6874
CABP1,5858
CABP4,5218
CABYR,3484
CACNA1A,43150
CACNA1D,19199
CACNA2D3,4719
CACNB2,11162
CACNB4,35957
CACNG4,3583
CACUL1,12406
CADM1,10975
CADM2,9982
CALCOCO2,8303
CALHM2,3108
CALM1,7833
CALM3,5235
CALR,2802
CAMK1,2715
CAMK1D,8697
CAMK2B,8159
CAMK2D,8824
CAMK2G,7273
CAMK2N2,1452
CAMK4,13614
CAMKK1,7433
CAP1,3814
CAP2,3346
CAPN1,7506
CAPN10,7456
CAPN3,12774
CAPN7,5596
CAPNS1,3100
CARD6,4275
CARD8,13219
CARD9,6699
CARF,10112
CARHSP1,5577
CARM1,4420
CARMIL1,6853
CARNMT1,4840
CARNS1,5670
CARS2,10436
CASD1,5260
CASP10,7581
CASP3,2899
CASP7,3612
CASP9,5269
CAST,13341
CASTOR1,2741
CASZ1,11336
CATSPER2,8093
CATSPERE,4431
CATSPERG,9190
CAVIN3,1557
CAVIN4,3098
CBFA2T3,5975
CBFB,4652
CBLB,12269
CBR1,2450
CBR4,5110
CBWD6,10393
CBX1,3044
CBX2,5671
CBX3,4840
CBX4,2891
CC2D1A,8646
CC2D2A,14588
CC2D2B,7555
CCDC102A,2551
CCDC102B,5805
CCDC106,2709
CCDC117,4326
CCDC120,5318
CCDC121,2845
CCDC122,5416
CCDC127,9642
CCDC13,7071
CCDC134,7135
CCDC138,5796
CCDC142,5786
CCDC144A,15568
CCDC146,4459
CCDC148,3798
CCDC15,4823
CCDC150,9678
CCDC152,3493
CCDC157,6601
CCDC160,1790
CCDC170,5432
CCDC171,12194
CCDC173,2208
CCDC181,3961
CCDC186,9003
CCDC189,2592
CCDC191,5284
CCDC24,3563
CCDC25,4410
CCDC30,25206
CCDC32,8648
CCDC34,3101
CCDC40,9961
CCDC43,2855
CCDC47,4354
CCDC50,9183
CCDC51,2410
CCDC57,12394
CCDC61,2588
CCDC62,4280
CCDC65,2374
CCDC69,4941
CCDC7,9573
CCDC71,1791
CCDC71L,6799
CCDC74A,3077
CCDC78,4147
CCDC82,21886
CCDC86,3342
CCDC88A,33942
CCDC88B,8350
CCDC88C,12426
CCDC9,3781
CCDC96,2153
CCL2,1986
CCNA2,2748
CCNB1,2433
CCNB2,2753
CCND1,4761
CCNE1,2461
CCNE2,4397
CCNF,6309
CCNG1,3096
CCNG2,7416
CCNJ,4148
CCNK,8220
CCNT2,9081
CCNY,6108
CCNYL1,4707
CCP110,10142
CCR1,2646
CCR10,2619
CCR5,3672
CCSER2,8424
CCT3,3864
CCT5,5638
CCT6A,3846
CCT6B,4285
CCT7,3591
CCZ1B,6933
CD101,3904
CD151,3894
CD163,5815
CD163L1,5658
CD164,6861
CD180,5668
CD1D,4359
CD200,2991
CD22,6165
CD226,13659
CD24,3096
CD274,4108
CD276,5482
CD28,4885
CD2AP,6751
CD2BP2,3713
CD300E,3754
CD302,4077
CD36,10880
CD4,4557
CD46,8711
CD47,8234
CD59,10557
CD6,5958
CD68,2163
CD74,6122
CD80,3213
CD81,7356
CD82,4039
CD84,9255
CD8A,3049
CDC14A,6510
CDC16,3959
CDC20,2012
CDC23,4616
CDC25B,3903
CDC25C,3329
CDC27,6824
CDC34,1894
CDC42EP2,2164
CDC42EP3,9964
CDC42SE1,4184
CDC45,2978
CDC5L,6241
CDC6,5311
CDC7,3599
CDC73,10512
CDCA2,3697
CDCA3,4879
CDCA4,2448
CDCA5,3901
CDCA7,3934
CDCA7L,3894
CDCA8,2406
CDCP1,6508
CDH10,3660
CDH13,11025
CDH19,6864
CDH2,8583
CDH20,4277
CDH23,18592
CDH26,5752
CDH4,7516
CDH8,13529
CDK1,3931
CDK10,6779
CDK12,12196
CDK13,24618
CDK16,6531
CDK18,6830
CDK19,7645
CDK4,3094
CDK5RAP1,4567
CDK5RAP3,6077
CDK8,3538
CDK9,3005
CDKAL1,4602
CDKL1,9288
CDKN1A,2996
CDKN1B,9255
CDKN2B,4000
CDKN2C,3018
CDS1,4309
CDT1,2760
CDYL,4562
CEBPA,2601
CEBPG,4056
CEBPZOS,4700
CECR2,10667
CELF1,10452
CELF4,6329
CELF5,6066
CEND1,1628
CENPBD1,2744
CENPC,8496
CENPE,9928
CENPI,6981
CENPJ,5816
CENPK,4309
CENPL,5165
CENPP,9321
CENPS,1748
CENPT,5660
CENPU,3483
CENPV,2850
CEP104,11885
CEP126,8200
CEP128,9353
CEP131,3966
CEP135,8638
CEP152,8165
CEP162,5482
CEP19,2158
CEP290,25131
CEP295,9452
CEP350,14261
CEP41,14095
CEP44,7079
CEP55,3291
CEP57L1,16918
CEP68,8623
CEP70,4409
CEP72,3590
CEP76,6165
CEP78,14355
CEP83,6923
CEP85L,9428
CEP89,9233
CEP95,7771
CEP97,8882
CEPT1,8418
CERK,4930
CERS4,4059
CERS5,6766
CES2,5343
CES4A,4353
CETN2,1887
CFAP36,2705
CFAP53,1824
CFAP74,10422
CFAP97,7192
CFL2,4942
CFLAR,22479
CFP,5617
CGGBP1,6549
CHADL,2596
CHAF1A,4326
CHAF1B,5104
CHD1,10487
CHD1L,4301
CHD2,16951
CHD7,17020
CHD9,16546
CHEK1,5600
CHFR,17113
CHGB,4447
CHIT1,7732
CHKA,3877
CHKB,2866
CHM,8644
CHMP1A,7228
CHMP3,7019
CHMP7,4698
CHN1,9402
CHN2,8438
CHORDC1,11099
CHP1,3947
CHPF,3375
CHPT1,5991
CHRM3,15173
CHRNA1,4979
CHRNA5,3623
CHST11,6492
CHST12,16116
CHST14,2175
CHST7,2396
CHST8,3054
CHST9,11512
CHSY1,5667
CHTF18,5916
CHTF8,3382
CHTOP,5625
CHUK,6903
CHURC1,5404
CIART,2849
CIB2,2137
CIDEB,3198
CIITA,20763
CISH,5056
CITED1,1760
CITED4,1310
CKAP2,4547
CKAP2L,5464
CKB,2383
CKMT2,2702
CLCF1,1836
CLDN1,3628
CLDN10,3385
CLDN11,4321
CLDN15,2893
CLDN23,2160
CLDN7,2492
CLDND1,5210
CLEC18B,3151
CLEC1A,3169
CLEC5A,4129
CLHC1,6642
CLIC2,2840
CLINT1,6338
CLIP4,7781
CLK3,19697
CLK4,7922
CLMP,5057
CLN3,9813
CLN5,22814
CLP1,2189
CLPB,12428
CLPTM1,5095
CLPX,5461
CLSPN,9591
CLUAP1,7746
CLVS1,7393
CMBL,4882
CMIP,13077
CMKLR1,5666
CMPK1,3851
CMPK2,4390
CMTM5,2910
CMTR1,5276
CNBP,3584
CNDP1,7117
CNDP2,11822
CNEP1R1,4178
CNIH1,5019
CNIH3,6367
CNN2,3640
CNOT11,2702
CNOT2,13985
CNOT4,6999
CNOT6L,9367
CNOT7,10941
CNOT8,3929
CNOT9,5289
CNPPD1,2719
CNPY4,2451
CNRIP1,3548
CNST,5933
CNTFR,2098
CNTLN,11064
CNTN1,7492
CNTN2,17721
CNTNAP2,16377
CNTNAP3B,13220
CNTNAP4,8001
COA1,11820
COA5,2756
COASY,4032
COCH,4031
COG2,10946
COG3,6087
COG4,4781
COG6,8047
COG7,4352
COL20A1,10974
COL8A2,4669
COL9A1,10329
COL9A2,4215
COL9A3,4841
COLEC12,7343
COLGALT1,4845
COMMD2,4895
COPA,7688
COPB1,5098
COPG1,4425
COPG2,4139
COPS2,7511
COPS5,7779
COPS7A,2840
COPS7B,6066
COPS8,4181
COPZ1,3898
COPZ2,1866
COQ10A,3211
COQ4,4806
COQ6,6686
COQ8A,4736
COQ8B,12278
COQ9,4319
CORO2A,5714
COX10,6756
COX11,7103
COX15,5215
COX16,1917
COX18,6976
COX7A1,586
CPEB1,8215
CPEB3,7919
CPEB4,10444
CPED1,7683
CPLX1,2349
CPM,7535
CPNE1,3608
CPNE2,7737
CPNE3,6737
CPNE4,6427
CPNE5,5772
CPNE8,5120
CPOX,3157
CPPED1,6354
CPSF2,13563
CPSF4,4252
CPSF6,8050
CPT1C,5864
CPT2,10089
CPTP,2555
CPXM1,2376
CR1,12583
CRABP2,1082
CRACR2A,12466
CRACR2B,4224
CRB1,12721
CREB1,12132
CREB3,1635
CREB3L1,4023
CREB3L2,8807
CREB3L4,2902
CREB5,11681
CREBL2,3922
CREBRF,12333
CREG1,3286
CRELD1,9266
CRIP1,2485
CRIP2,4165
CRISPLD1,4553
CRISPLD2,7962
CRLS1,5367
CRMP1,5851
CROCC,8875
CROT,4995
CRTC1,6964
CRTC2,3602
CRY1,4782
CRYAB,4388
CRYBG1,10981
CRYGS,2080
CRYZ,4085
CSAD,4406
CSE1L,3800
CSF1R,5151
CSF2RB,4990
CSGALNACT1,6580
CSGALNACT2,3765
CSK,4546
CSMD1,18705
CSNK1A1,8505
CSNK1G2,3781
CSNK1G3,5000
CSNK2A1,29523
CSPG5,4367
CSPP1,31717
CSRNP1,3230
CSRNP3,12565
CSTF1,4793
CSTF2,2775
CTBP2,11056
CTCF,10106
CTDNEP1,2636
CTDSP1,4614
CTDSPL2,9277
CTF1,1644
CTH,2414
CTHRC1,1745
CTNNA1,8830
CTNNA3,16452
CTNNAL1,3124
CTNNB1,11759
CTNNBIP1,3339
CTNS,4949
CTPS1,11164
CTR9,5770
CTSA,8633
CTSB,10541
CTSD,5697
CTSF,4249
CTSK,8447
CTSZ,19384
CTTNBP2,6969
CTTNBP2NL,7371
CTU1,2126
CUEDC1,5666
CUL1,4152
CUL2,5269
CUL3,11505
CUL4A,7813
CUL5,6562
CUX1,17765
CWC22,3524
CWF19L1,3985
CX3CR1,3656
CXADR,6021
CXCL1,1362
CXCL10,1175
CXCL12,6077
CXCL3,2219
CXCR2,3214
CXXC1,3854
CXXC4,5823
CXXC5,3795
CXorf38,6050
CYB561A3,10572
CYB5B,6807
CYB5R1,4495
CYB5R2,8595
CYB5R3,5797
CYBB,4375
CYFIP2,10498
CYHR1,9787
CYLD,12952
CYP19A1,8428
CYP27A1,2983
CYP27C1,5205
CYP2J2,2973
CYP2R1,4495
CYP2S1,2713
CYP3A5,9817
CYTH1,7754
CYTH2,9333
D2HGDH,5256
DAAM1,10712
DAB1,7551
DAB2,7717
DAP,3323
DAPK1,8908
DAPK2,13612
DAPK3,3549
DARS2,7353
DAZAP1,9201
DAZAP2,5299
DBF4B,7146
DBP,6485
DBR1,3156
DCAF10,8291
DCAF11,6350
DCAF13,9199
DCAF15,2961
DCAF4,5536
DCAF4L1,4710
DCAF6,6306
DCBLD1,6819
DCC,13135
DCLRE1B,3868
DCP1A,6102
DCP1B,4610
DCP2,11371
DCTD,3349
DCTN2,9995
DCUN1D1,8307
DCX,10203
DDHD1,18377
DDIAS,5339
DDO,2143
DDOST,2721
DDX10,8606
DDX11,8367
DDX20,8778
DDX25,11036
DDX28,2317
DDX31,5546
DDX3Y,5720
DDX41,4177
DDX5,9311
DDX54,5065
DDX55,5716
DDX56,3681
DDX58,10345
DDX59,4410
DDX60,17337
DDX60L,12156
DEAF1,6420
DEDD,2821
DEF8,5793
DEGS2,3948
DENND1B,13203
DENND2C,7413
DENND2D,6677
DENND3,14693
DENND4A,10623
DENND4C,9481
DENND6A,5115
DENND6B,5887
DEPDC1,5904
DEPDC1B,3806
DEPDC5,17927
DEPDC7,3314
DEPTOR,2627
DERL1,6954
DESI1,4919
DESI2,4936
DET1,6859
DEXI,6692
DFFB,3870
DGAT1,4131
DGAT2,7904
DGKA,10098
DGKB,9491
DGKD,9784
DGKE,10925
DGKZ,10787
DHCR7,6852
DHFR,4411
DHPS,2984
DHRS13,2952
DHRS3,3515
DHTKD1,5295
DHX30,7744
DHX32,3925
DHX34,5662
DHX35,4998
DHX38,6310
DHX40,5906
DHX58,3824
DHX8,10439
DHX9,5898
DIAPH1,7375
DIAPH2,9550
DIAPH3,7383
DIP2A,13758
DIRAS2,4443
DIRAS3,2049
DIRC3,8256
DIS3,10835
DIS3L,5436
DIS3L2,11337
DISC1,12931
DISP1,13030
DISP3,6120
DLAT,7550
DLD,5102
DLGAP1,12078
DLGAP3,4042
DLGAP5,3597
DLL3,2618
DMAC2,4381
DMAP1,5599
DMGDH,5296
DMRTA2,3168
DNA2,4925
DNAAF1,7783
DNAAF5,7139
DNAH11,16174
DNAH14,19693
DNAH17,16110
DNAJA2,4951
DNAJA4,6591
DNAJB12,5568
DNAJB14,12970
DNAJB2,5841
DNAJB4,3702
DNAJB9,2538
DNAJC12,2139
DNAJC13,9630
DNAJC17,5628
DNAJC18,6498
DNAJC21,9556
DNAJC22,5144
DNAJC24,8578
DNAJC25,2604
DNAJC27,5624
DNAJC3,5590
DNAJC30,2536
DNAL4,2430
DNASE1,11249
DNASE1L1,4132
DNER,3932
DNLZ,3099
DNM1L,7282
DNM2,17565
DNM3,11329
DNMT1,15379
DOC2A,6368
DOCK10,11288
DOCK11,6804
DOCK4,11927
DOCK5,15989
DOK3,5181
DOK5,2606
DOLK,2074
DOLPP1,2238
DONSON,3511
DPAGT1,6440
DPF1,4800
DPF2,8630
DPF3,17947
DPH2,2930
DPH6,9347
DPH7,4925
DPP3,3977
DPP4,14432
DPP6,13594
DPP9,8303
DPY19L4,7136
DPYD,7131
DPYSL4,3111
DRAM1,3940
DRAXIN,7365
DRC3,7332
DRG2,7404
DSC2,12501
DSCAM,8596
DSCAML1,7036
DSCC1,2487
DSE,19194
DSN1,2739
DSTN,3639
DTHD1,7379
DTL,4923
DTWD1,14996
DTWD2,5867
DUOX1,8784
DUS1L,5999
DUS3L,3629
DUSP15,3705
DUSP18,4447
DUSP22,5686
DUSP26,1971
DUSP4,7273
DUSP5,2535
DUSP6,3859
DYM,12343
DYNC1I1,4568
DYNLT3,3120
DYSF,8545
DZANK1,6619
DZIP1L,5045
DZIP3,6943
E2F1,2690
E2F3,5190
E2F4,3596
E2F5,5999
E2F6,4067
E2F8,4134
E4F1,6388
EBF4,3541
EBLN2,1679
ECHDC2,11572
ECI2,4575
ECM1,3360
ECT2,5499
EDA,7002
EDA2R,3616
EDEM1,6737
EDIL3,5825
EDN1,2035
EDRF1,7741
EEA1,10150
EEF1A1,10063
EEF1AKMT2,5819
EEPD1,4737
EFCAB11,8302
EFCAB13,6678
EFCAB2,8607
EFCAB7,5704
EFHB,4163
EFHC1,22744
EFHD1,2675
EFHD2,2534
EFL1,4708
EFNA1,2165
EFNA3,1944
EFNA5,5735
EFNB1,3303
EFR3A,6192
EGFL7,2564
EGR1,3137
EGR2,4060
EGR3,5033
EHBP1L1,6733
EHD1,7084
EHD4,7864
EHHADH,4651
EHMT1,22188
EI24,3491
EID2,1455
EID2B,1866
EID3,1467
EIF1AD,3327
EIF1AY,4023
EIF2AK4,11988
EIF2B1,3627
EIF2B2,5436
EIF2B4,5312
EIF2B5,7203
EIF2S1,5320
EIF2S3,4081
EIF3A,7101
EIF3B,9037
EIF3C,6925
EIF4A1,5199
EIF4A2,6130
EIF4B,6028
EIF4EBP3,693
EIF4H,5807
EIF5,8318
EIF5A2,5541
EIF5AL1,3908
ELAC1,3970
ELAVL1,6962
ELAVL3,4761
ELAVL4,8368
ELF2,8560
ELF4,5237
ELK3,4644
ELL,4918
ELL2,7108
ELMO1,10999
ELMOD1,5856
ELMOD2,6617
ELMOD3,7259
ELN,6455
ELOVL1,2506
ELOVL4,3013
ELOVL5,3813
ELOVL6,7274
ELP2,11060
ELP3,5161
ELP4,27247
EMC10,10749
EME1,3294
EMG1,6243
EMID1,4854
EMILIN2,6469
EML1,8930
EML2,8173
EML3,5500
EMP2,8652
EMSY,11783
ENDOG,1145
ENDOV,7253
ENG,3836
ENHO,1028
ENKD1,2665
ENKUR,4076
ENO1,5216
ENO3,4292
ENOPH1,2083
ENOSF1,11390
ENOX1,3101
ENPP1,11423
ENPP2,6729
ENPP4,4644
ENPP6,4615
ENTPD6,6673
EOGT,5365
EPB41,19993
EPB41L2,10320
EPB41L3,12203
EPC2,5816
EPHB1,5843
EPHB2,12516
EPHB3,4530
EPHX1,2476
EPHX2,4185
EPN1,17616
EPN2,8517
EPOR,3077
EPS15L1,8431
EPS8,8540
EPS8L2,5689
ERAL1,2240
ERAP2,6953
ERBB3,11711
ERC2,8034
ERCC2,6937
ERCC3,8412
ERCC4,15850
ERCC5,11043
ERCC6L,4344
ERCC6L2,28973
ERCC8,26458
ERGIC3,5995
ERI1,6382
ERI2,6761
ERLIN1,3491
ERMAP,5720
ERMN,4354
ERN1,19153
ERO1A,7549
ERP27,1877
ERRFI1,4179
ERV3-1,5027
ESCO1,5285
ESCO2,7805
ESR1,13726
ESR2,11938
ESRRG,10932
ESS2,6003
ESYT1,5285
ETF1,4537
ETFBKMT,6868
ETNK1,13301
ETV1,9615
ETV4,3515
ETV5,5773
ETV6,7230
ETV7,2374
EVA1B,1242
EVA1C,4353
EVI5,8277
EXD3,7575
EXO1,4137
EXO5,2574
EXOC1,5367
EXOC2,4990
EXOC3,8165
EXOG,5575
EXOSC10,5991
EXOSC2,4240
EXOSC3,7660
EXOSC6,5163
EXT2,20632
EXTL2,4015
EYA2,3618
EYA3,6424
EYA4,14674
EZH2,10774
EZR,3298
F11R,5061
F13A1,4554
F2RL1,2930
FA2H,3279
FAAH,2724
FAAP100,5353
FABP3,1398
FABP7,2487
FADD,1708
FADS3,6294
FAF1,7549
FAF2,5924
FAHD1,3039
FAHD2A,5678
FAHD2B,2662
FAIM,4072
FAIM2,6057
FAM102B,9350
FAM104A,3162
FAM107B,7019
FAM110B,4943
FAM111B,3865
FAM114A1,4871
FAM114A2,6523
FAM117A,3800
FAM117B,6205
FAM118A,6425
FAM118B,3534
FAM120A,7246
FAM120AOS,10144
FAM124A,6700
FAM126B,12810
FAM135A,10476
FAM13A,13215
FAM13B,6808
FAM13C,6752
FAM149A,5218
FAM151B,3109
FAM161A,5258
FAM172A,5415
FAM174B,4469
FAM184A,7712
FAM184B,6731
FAM185A,2729
FAM193A,6951
FAM200A,2705
FAM20A,6181
FAM20C,5054
FAM214A,9848
FAM214B,6375
FAM217B,5373
FAM220A,2393
FAM221A,7458
FAM222A,4113
FAM222B,5490
FAM227B,6018
FAM229A,2845
FAM229B,2551
FAM234A,6132
FAM3A,5098
FAM3C,3395
FAM43A,3155
FAM53C,7051
FAM72B,3033
FAM76A,4046
FAM76B,6031
FAM78A,5462
FAM81A,5571
FAM83D,2475
FAM86B1,4232
FAM89A,2402
FAM98B,6851
FAM98C,4598
FANCA,9736
FANCB,3593
FANCD2,11855
FANCE,2709
FANCF,3291
FANCG,3540
FANCI,11853
FANCM,8478
FANK1,3359
FAR2,5411
FARSB,6761
FAS,5578
FASTK,3805
FASTKD1,5692
FASTKD2,9759
FASTKD3,2857
FAXC,11682
FBLIM1,4351
FBLN7,6580
FBN2,13218
FBRSL1,9393
FBXL13,4009
FBXL18,9753
FBXL2,7644
FBXL20,11053
FBXL5,4701
FBXL6,3375
FBXL8,3129
FBXO15,6223
FBXO16,3932
FBXO2,3163
FBXO21,6886
FBXO22,11821
FBXO25,11438
FBXO27,2790
FBXO28,6020
FBXO34,5580
FBXO36,3955
FBXO38,8722
FBXO42,9009
FBXO43,3976
FBXO44,3527
FBXO46,3527
FBXO48,5699
FBXO5,3856
FBXO7,8521
FBXO8,2213
FBXO9,8208
FBXW11,5577
FBXW4,5038
FBXW5,3294
FBXW7,10979
FBXW9,2103
FCF1,4747
FCGR2A,5422
FCGR2B,6651
FCGR3A,2725
FCHO2,6067
FCHSD2,5245
FCMR,3417
FDFT1,5197
FDXACB1,3551
FDXR,3599
FECH,11128
FEN1,2198
FERMT1,4845
FES,4202
FEZ1,9324
FGD2,10166
FGF12,10879
FGF14,14059
FGFBP2,1187
FGFBP3,2553
FGFR2,18813
FGL2,6480
FH,9350
FHAD1,13247
FHL2,6626
FHL3,2004
FHOD1,5230
FICD,4175
FIG4,28959
FIGN,9942
FILIP1L,7233
FIP1L1,5639
FKBP11,4957
FKBP14,5344
FKBP15,11017
FKBP1B,1677
FKBP4,5163
FKBP5,10628
FKBP7,3080
FKBP8,2819
FKRP,5171
FLI1,8026
FLOT2,3390
FLRT3,5191
FLT3LG,2846
FLVCR1,6422
FLVCR2,4910
FMN1,20270
FMNL2,6574
FMO4,2542
FMO5,5984
FN3K,3831
FN3KRP,2944
FNBP1,6600
FNBP1L,5811
FNBP4,7619
FNDC10,2124
FNDC3A,7698
FNDC3B,13324
FNIP1,7942
FNIP2,10981
FNTA,9396
FOCAD,10036
FOLH1,5335
FOSL1,1887
FOXD1,2863
FOXN2,5482
FOXN3,11154
FOXO1,5957
FOXO3,7670
FOXP1,34819
FOXP2,16334
FOXRED1,5657
FPR2,3625
FPR3,2779
FRAT1,2645
FRAT2,2233
FRMD4A,14686
FRMD8,4069
FRRS1,8624
FRS3,2858
FSCN1,3699
FSD1,3113
FSIP1,3463
FSIP2,23585
FTH1,2004
FTL,871
FTSJ1,2872
FTSJ3,5204
FUBP1,7559
FUBP3,6603
FUCA1,2043
FUS,6989
FUT10,5330
FUT11,4925
FUT8,6976
FUZ,2953
FXR1,11874
FXYD1,1910
FXYD7,1796
FYTTD1,7897
FZD2,3779
G2E3,9319
G3BP1,20038
G3BP2,13799
G6PC3,4551
G6PD,3586
GAA,5236
GAB3,5272
GABARAPL1,4053
GABPB1,5680
GABPB2,9189
GABRB1,2952
GABRB2,17138
GAD1,8242
GADD45A,1925
GAK,15155
GAL3ST1,3095
GAL3ST3,3649
GAL3ST4,3264
GALC,6736
GALK2,7343
GALNS,8402
GALNT1,5126
GALNT11,8288
GALNT12,3166
GALNT13,6641
GALNT2,7712
GALNT3,4589
GALNT6,7347
GALNT7,6807
GALR1,11004
GALT,4407
GANC,10954
GAP43,1901
GAPDH,2396
GAPT,3273
GAPVD1,13625
GART,7751
GAS2,4252
GAS2L3,7425
GAS6,6015
GATAD1,6337
GATAD2A,7416
GATB,11741
GATM,9260
GBE1,4651
GBGT1,4020
GBP1,6103
GBP2,7223
GBP3,4284
GBP4,6141
GBP5,8143
GCAT,2102
GCC2,12652
GCFC2,5462
GCLC,8618
GCLM,5426
GCNA,3595
GCNT1,9251
GCNT2,9230
GDAP1,24256
GDAP1L1,3404
GDE1,4390
GDF15,2087
GDI2,3918
GDPD1,3913
GDPD2,2638
GDPD3,1572
GEM,2648
GEN1,11832
GFM1,11789
GFM2,3971
GFOD1,10686
GFOD2,8592
GGA2,8231
GGA3,6467
GGACT,3526
GGCX,9101
GGH,10619
GGPS1,3809
GGT1,4375
GGT7,2962
GHDC,4019
GID8,4594
GIMAP6,3913
GIMAP8,4185
GIN1,4169
GINS1,4130
GINS2,3219
GINS3,5108
GINS4,5447
GIPC1,4440
GIT2,13532
GJB1,4654
GJC2,2165
GLB1L,3419
GLCCI1,6883
GLCE,6630
GLDN,7110
GLE1,10755
GLI4,3057
GLIPR1,6210
GLIPR1L2,3771
GLO1,2356
GLRB,3391
GLS,9833
GLT1D1,3478
GLT8D1,3785
GLTP,2746
GLYCTK,4794
GM2A,4186
GMEB1,6413
GMIP,3730
GMPPA,6874
GMPPB,6675
GMPR,2225
GMPS,8765
GNA13,6431
GNAI1,24192
GNAI2,7405
GNAI3,9044
GNAL,8165
GNAQ,6972
GNAS,22221
GNB4,7975
GNB5,13330
GNG10,1201
GNG2,6379
GNG7,4546
GNL2,5747
GNL3L,11949
GNPDA1,3959
GNPDA2,7216
GNPNAT1,4010
GNPTAB,9774
GNRH1,1764
GOLGA1,6085
GOLGA2,6961
GOLGA4,10737
GOLGA5,3205
GOLGA6L9,6576
GOLGA7,2474
GOLGA8A,7179
GOLGA8B,7782
GOLIM4,4584
GOLPH3,2742
GOLPH3L,3334
GOLT1B,3789
GON4L,11970
GOPC,4628
GORAB,4159
GORASP2,4705
GOSR1,9855
GOT2,3751
GPALPP1,10842
GPAT2,5684
GPAT4,7939
GPATCH1,4469
GPATCH11,4040
GPATCH2,8841
GPATCH3,2226
GPATCH4,4623
GPATCH8,9737
GPC2,3837
GPC6,7122
GPCPD1,7472
GPD1,3822
GPD2,7165
GPHN,6007
GPI,10680
GPKOW,1658
GPLD1,7221
GPM6A,7040
GPN1,3749
GPNMB,5906
GPR137,4042
GPR137B,2307
GPR137C,6505
GPR146,3190
GPR155,7769
GPR157,5304
GPR162,3216
GPR180,8884
GPR19,2624
GPR35,5090
GPR37,5298
GPR63,5967
GPR85,7582
GPRC5A,7663
GPRC5C,7534
GPRIN3,14998
GPS1,6155
GPS2,3089
GPSM2,19578
GPX3,3162
GRAMD1B,14944
GRAMD1C,7444
GRAMD2B,5051
GRAMD4,4901
GRAP,2498
GRAP2,6188
GRB14,2987
GRHL1,7952
GRIA2,8941
GRIA3,6449
GRIA4,10083
GRID2,10617
GRIK1,4242
GRIK2,26797
GRINA,2529
GRIPAP1,6841
GRK2,6602
GRK3,9477
GRK4,4736
GRK5,7021
GRK6,4357
GRM3,4474
GRSF1,7736
GRTP1,2917
GRWD1,5627
GSAP,8950
GSG1L,5425
GSKIP,4567
GSN,11018
GSPT2,2791
GSR,3602
GSTA4,2101
GSTCD,6292
GSTM3,4750
GSTO2,9926
GSTZ1,8365
GTDC1,14162
GTF2E1,3370
GTF2F1,2876
GTF2H1,6940
GTF2H3,3994
GTF2IRD1,6499
GTF2IRD2,8844
GTF2IRD2B,6560
GTF3C3,7330
GTF3C5,3592
GTPBP10,10434
GTPBP3,4528
GTSE1,4113
GUF1,4463
GULP1,11979
HABP4,4088
HACD1,3854
HACD2,5219
HACD3,7094
HADH,12881
HAP1,6223
HAPLN2,2204
HAPLN3,3489
HARBI1,2662
HARS2,3719
HAUS2,4305
HAUS4,2539
HAUS5,5090
HAUS6,7719
HAUS7,3966
HBS1L,11085
HCFC2,6699
HDAC1,3966
HDAC10,4951
HDAC11,5231
HDAC2,15333
HDAC5,7618
HDAC8,22888
HDAC9,17269
HDX,7258
HEATR3,5039
HEATR6,7045
HECTD2,11550
HECW1,13935
HELB,4603
HELLS,10150
HEPN1,1434
HERC2,20190
HERC3,6969
HERC4,15800
HERC6,5779
HERPUD2,3581
HES4,1118
HES6,1954
HEXA,15893
HEXIM1,3625
HEY2,2689
HFE,5675
HFM1,5814
HGF,9753
HGH1,2817
HGS,10849
HGSNAT,8934
HHIP,11939
HIBADH,2211
HIC2,7252
HIF1A,5151
HIF3A,8375
HIGD1A,3024
HIGD1B,872
HILPDA,2070
HINT3,3325
HIP1R,7072
HIRIP3,3560
HIVEP3,14625
HJURP,3821
HK1,6293
HK2,5918
HK3,3304
HLA-DRB5,1250
HLTF,6024
HLX,5629
HMBOX1,6633
HMCES,2783
HMG20B,3857
HMGA2,15070
HMGB3,3914
HMGCR,10125
HMGN5,2389
HMGXB3,6263
HMMR,3932
HMOX1,2306
HNRNPA0,8713
HNRNPA1L2,1343
HNRNPA3,6671
HNRNPC,7309
HNRNPD,6981
HNRNPH2,2296
HNRNPK,5095
HNRNPLL,5932
HNRNPUL1,6691
HOMER1,6071
HOMER3,3422
HOOK2,5950
HOPX,7753
HOXA10,3720
HOXA3,4308
HOXA5,1720
HOXA7,2411
HOXB2,2456
HOXB3,7425
HOXB4,2002
HOXB7,1520
HOXC4,2767
HP1BP3,9815
HPCA,1964
HPGD,5531
HPN,3383
HPS3,6202
HPS4,11380
HPS5,6433
HPS6,2688
HPSE,5101
HRH2,5679
HRK,6853
HS1BP3,14625
HS3ST1,7435
HS3ST3B1,5369
HS3ST4,3443
HSD11B1L,2991
HSD17B1,1951
HSD17B12,7716
HSD17B4,24901
HSD17B6,2272
HSD3B7,2490
HSDL2,3307
HSF1,5305
HSF2,2697
HSF2BP,1909
HSP90AA1,5097
HSP90AB1,2980
HSP90B1,13092
HSPA14,2502
HSPA2,5504
HSPA4,5102
HSPA5,6530
HSPA8,4849
HSPA9,9782
HSPBAP1,5445
HSPH1,8391
HTRA1,2250
HUNK,8589
HUS1,4165
HYAL2,4421
HYAL3,1967
HYDIN,28702
HYI,2754
HYKK,5707
HYLS1,2389
HYPK,7777
IARS2,4135
IBSP,1573
ICA1L,10379
ICAM1,3448
ICAM2,3243
ICE2,16010
ID1,1233
IDE,16811
IDH1,4699
IDH3A,6823
IDUA,4058
IER5L,2710
IFFO1,4945
IFI30,2344
IFI44L,11610
IFI6,936
IFIH1,5094
IFIT1,4614
IFIT2,4326
IFIT3,5067
IFIT5,4369
IFITM1,1666
IFITM3,2844
IFNAR1,6879
IFNAR2,4917
IFT22,6585
IFT27,8009
IFT46,3773
IFT57,3631
IFT81,7001
IFT88,6049
IGDCC3,5514
IGF1,8115
IGF2BP2,5330
IGF2BP3,8535
IGFBP2,4742
IGFBP6,1346
IGHMBP2,9715
IGLON5,3347
IGSF10,9222
IGSF8,2592
IKBKB,11048
IKZF2,12243
IKZF3,10129
IKZF4,6813
IKZF5,4928
IL10RA,8080
IL11RA,4281
IL13RA1,4650
IL13RA2,1626
IL16,12094
IL17D,3624
IL17RA,9036
IL17RB,3044
IL17RC,4540
IL17RE,4673
IL18BP,4251
IL18R1,4500
IL1R2,2957
IL1RAP,11558
IL1RAPL1,3616
IL20RB,2443
IL21R,5455
IL2RA,3962
IL2RB,4621
IL4R,5884
IL6,2069
IL6R,6453
IL7,3392
IL7R,6020
ILF2,2261
ILK,3484
ILVBL,5616
IMPA1,4405
IMPACT,4896
IMPDH1,3662
IMPDH2,5123
INAFM1,839
INAVA,5341
INCA1,1553
ING1,6093
ING5,10259
INHBA,8284
INIP,4336
INO80,6940
INO80E,5655
INPP1,3576
INPP4B,14153
INPP5A,3739
INPP5K,5173
INSIG2,3950
INTS11,8216
INTS13,3059
INTS14,4210
INTS4,6067
INTS6,25509
INTS6L,7177
INTS7,5326
INTS8,7866
INTS9,4905
IP6K2,5624
IPCEF1,8474
IPMK,6093
IPO11,7540
IPO7,7216
IPP,3708
IQCD,2460
IQCG,7468
IQGAP1,11507
IQGAP2,7868
IQSEC2,14927
IRAK1,3917
IRAK1BP1,7463
IRAK3,9688
IRAK4,5629
IREB2,10803
IRF2BP2,5377
IRF2BPL,4166
IRF3,3794
IRF5,4543
IRS2,8156
ISOC1,1942
IST1,7562
ISYNA1,3150
ITCH,10639
ITFG1,7719
ITFG2,6255
ITGA10,6242
ITGA2B,5695
ITGA4,10654
ITGA5,7383
ITGA9,8270
ITGAX,7076
ITGB1,14561
ITGB5,6515
ITGB7,4451
ITK,8587
ITM2A,2051
ITM2C,2569
ITPKA,2093
ITPR1,32120
ITPR2,13909
ITPRIP,7296
ITPRIPL1,4666
ITSN2,11844
IVD,6857
IVNS1ABP,7873
IWS1,4146
IZUMO4,2770
JADE2,11091
JAK1,12620
JAK2,7908
JAK3,6813
JAKMIP1,3812
JAML,8602
JARID2,6244
JAZF1,4258
JMJD1C,11162
JMJD4,4315
JMJD8,2628
JOSD1,4327
JRKL,3815
JUN,3624
JUND,1929
JUP,4942
KANK3,3594
KANSL2,3576
KAT5,3732
KAT8,5726
KATNAL2,5054
KATNB1,4576
KBTBD12,5818
KBTBD7,4736
KBTBD8,4736
KCMF1,7968
KCNAB1,6822
KCNAB2,17329
KCNAB3,4633
KCNC3,6794
KCND2,6054
KCNE1,7206
KCNE3,3599
KCNF1,2292
KCNH3,4496
KCNH8,6088
KCNIP1,3367
KCNIP4,4239
KCNJ14,4275
KCNJ2,5576
KCNJ5,6237
KCNJ6,19979
KCNK1,3527
KCNK10,8278
KCNK12,14022
KCNK6,6168
KCNMA1,39437
KCNMB3,8979
KCNMB4,4860
KCNN1,4268
KCNN2,6108
KCNN4,3404
KCNQ2,12777
KCNQ3,12721
KCNQ5,8157
KCTD13,6458
KCTD17,2786
KCTD18,4909
KCTD5,3372
KCTD6,3086
KCTD8,2712
KCTD9,4383
KDELR2,3930
KDELR3,1913
KDM1A,5440
KDM1B,5619
KDM2A,10381
KDM2B,13632
KDM4B,14719
KDM4C,10323
KDM4D,2951
KDM5A,12029
KDM5D,9463
KDM6A,27742
KDM6B,7392
KDM7A,9378
KDM8,4026
KDSR,9031
KEAP1,3573
KHDC1,3350
KHDRBS3,8646
KHK,3050
KIAA0040,4767
KIAA0586,17733
KIAA0825,12529
KIAA0930,8238
KIAA1328,11137
KIAA1586,3109
KIAA2013,3281
KIAA2026,8497
KIF11,5322
KIF14,7294
KIF16B,7735
KIF17,4470
KIF18A,4517
KIF18B,4717
KIF19,5640
KIF20A,3852
KIF21A,10117
KIF21B,12164
KIF23,6576
KIF26B,14404
KIF27,7739
KIF2A,13050
KIF2C,3646
KIF3A,6860
KIF4A,4573
KIF5B,5866
KIF5C,33151
KIF6,11871
KIFAP3,4978
KIFC3,9600
KIRREL3,6595
KLC4,6417
KLF10,3821
KLF11,4594
KLF3,6771
KLF5,3679
KLF7,9262
KLHDC1,3004
KLHDC3,2019
KLHDC4,11177
KLHDC8A,3666
KLHDC8B,2171
KLHDC9,1720
KLHL13,6983
KLHL17,3402
KLHL18,7064
KLHL2,3929
KLHL20,4244
KLHL22,4607
KLHL23,5513
KLHL24,8650
KLHL26,4744
KLHL28,8071
KLHL32,4124
KLHL35,5203
KLHL4,6158
KLHL5,9168
KLHL6,10543
KLHL7,7066
KLHL8,7354
KLHL9,5740
KLK6,1976
KMO,5946
KMT5A,4574
KMT5B,8632
KMT5C,4776
KNL1,10250
KNOP1,7758
KNSTRN,3654
KPNA2,7365
KPNA3,4222
KPNA5,11418
KPNA6,7457
KPNB1,10305
KRAS,6845
KRBOX1,2917
KRBOX4,3685
KRI1,4254
KRIT1,6204
KRR1,10747
KYAT1,3585
L2HGDH,6560
L3HYPDH,3493
L3MBTL2,6374
L3MBTL3,5111
L3MBTL4,7959
LACC1,4479
LAG3,3056
LAMB3,4647
LAMP1,5741
LAMP2,9404
LAMP5,2042
LAMTOR3,4164
LANCL2,5341
LAPTM4B,3197
LAPTM5,3228
LARP1B,9480
LARP4,8112
LARP4B,11610
LARP6,5552
LAT,4431
LATS1,8492
LATS2,5613
LAYN,3144
LBH,4532
LBR,5710
LCA5L,5957
LCAT,2625
LCLAT1,7517
LCOR,29854
LCORL,16917
LCP1,5076
LCTL,3518
LDAH,4433
LDB3,6622
LDHA,6038
LDHB,2983
LDHD,2368
LDLR,7622
LDLRAD3,4575
LDLRAD4,35894
LDLRAP1,5371
LDOC1,4983
LEKR1,5602
LEMD3,5578
LEO1,2651
LEPR,11370
LEPROT,5237
LETM2,6114
LETMD1,6032
LFNG,3486
LGALS3BP,3422
LGI3,4509
LGI4,4532
LHFPL2,7977
LHFPL3,3376
LHFPL4,5349
LHX2,2497
LIAS,11318
LIG1,6576
LIMA1,6317
LIMK1,7038
LIMK2,6170
LIN52,3692
LIN9,4442
LINC00632,28876
LINC00921,2468
LINC01006,13851
LINC01176,5096
LINC01521,1943
LINC01547,4946
LINC01550,6913
LINC01551,11125
LINC01554,2260
LINC01560,1253
LINGO1,5324
LINS1,7724
LIPA,4891
LIPE,5161
LMAN1,6070
LMAN2L,2709
LMBR1L,5462
LMCD1,9025
LMF1,8218
LMF2,3065
LMNA,8141
LMNB1,3633
LMO1,1705
LMO2,2896
LMO4,5421
LMO7,14367
LNP1,1910
LNX1,5624
LONP1,5032
LONRF1,5709
LONRF3,4041
LOXL1,3637
LOXL3,4519
LPAR2,2975
LPCAT3,4693
LPCAT4,4702
LPGAT1,8790
LPIN1,11861
LPIN2,6629
LPIN3,4667
LPL,4131
LRCH1,8610
LRCH3,12639
LRCH4,7117
LRFN1,3579
LRFN4,3087
LRGUK,4799
LRIF1,3502
LRP2BP,7392
LRP3,5346
LRP5L,4687
LRRC1,4901
LRRC17,2827
LRRC20,3625
LRRC24,1762
LRRC27,11500
LRRC28,9279
LRRC29,2807
LRRC34,5276
LRRC37A3,7823
LRRC37B,6281
LRRC39,1992
LRRC4,4403
LRRC40,2843
LRRC42,2164
LRRC45,3603
LRRC47,4509
LRRC49,9992
LRRC4C,5356
LRRC57,8114
LRRC59,4540
LRRC61,1968
LRRC7,30043
LRRC75A,3735
LRRC75B,3422
LRRC8B,8267
LRRC8C,11724
LRRCC1,5001
LRRFIP2,10674
LRRIQ3,8759
LRRK1,17491
LRRK2,17100
LRRN1,6401
LRRN2,5686
LRRN3,3875
LRRTM3,6341
LRRTM4,5444
LRSAM1,9862
LRWD1,5899
LSG1,4801
LSMEM1,2592
LSR,2916
LTA4H,7405
LTB4R,4465
LTBP4,8110
LTBR,6151
LTN1,8876
LUC7L,6176
LUC7L2,6316
LUC7L3,8136
LURAP1,1849
LURAP1L,3062
LUZP1,9658
LUZP2,8858
LXN,1459
LY75,8805
LYPD5,5329
LYRM2,8675
LYRM7,6219
LYRM9,5380
LYSMD3,4459
LYSMD4,5697
LYVE1,3515
LYZ,1724
MACC1,9898
MACROD2,11428
MAD1L1,6955
MAD2L1,5517
MADCAM1,2453
MAEA,9821
MAEL,3148
MAF,6999
MAFB,3389
MAFF,5611
MAFG,5241
MAG,2960
MAGED1,6013
MAGED2,2943
MAGEF1,1701
MAGEH1,1440
MAGI1,11649
MAGIX,5107
MAGT1,5479
MAK,4394
MAL,1453
MALT1,11448
MAMDC2,3589
MAMDC4,5490
MAML3,7012
MAMSTR,2286
MAN1A1,5018
MAN1B1,10873
MAN2A1,11254
MAN2B1,5374
MANBAL,2034
MANEA,10588
MAP1S,4933
MAP2K2,5229
MAP2K4,5709
MAP2K5,5031
MAP2K6,16660
MAP2K7,5145
MAP3K1,7741
MAP3K11,10563
MAP3K2,11613
MAP3K3,6109
MAP3K4,7522
MAP3K5,5263
MAP3K7,7254
MAP3K7CL,4344
MAP4K2,7645
MAP4K5,7580
MAP7,5447
MAP7D1,5271
MAP7D3,6885
MAPK13,7034
MAPK1IP1L,6974
MAPK3,3669
MAPK6,6397
MAPK8,9674
MAPKAP1,6741
MAPKAPK2,4232
MAPKAPK3,3915
MAPRE1,2562
MAPRE2,6136
MAPRE3,3628
MARCKSL1,1546
MARK1,15255
MARK2,12010
MARK3,21530
MARVELD1,3371
MARVELD3,6347
MAST1,6534
MAST3,6772
MASTL,4660
MAT2B,5135
MATK,4138
MATN2,6941
MAX,6257
MBD2,5686
MBLAC1,1477
MBNL1,9989
MBNL2,4908
MBNL3,12846
MBOAT1,4325
MBP,18730
MBTPS2,8945
MCCC1,4311
MCCC2,20778
MCF2L,23158
MCF2L2,20884
MCL1,6222
MCM10,5456
MCM2,4715
MCM3,3645
MCM6,4135
MCM7,4386
MCM9,12496
MCMBP,5994
MCMDC2,6354
MCOLN2,3442
MCPH1,10631
MCTP1,12089
MCTP2,13237
MCU,4533
MCUR1,6057
MDFI,2535
MDFIC,5047
MDK,2196
MDM1,6551
MDP1,1066
ME1,3338
ME2,15897
MED15,10374
MED16,4222
MED17,16610
MED18,2017
MED24,6962
MED25,7683
MED26,5328
MED29,3839
MED7,2776
MEF2D,6351
MEGF11,9831
MEIS2,10817
MEIS3,5126
MELK,3087
MELTF,8394
MEMO1,5220
MEOX2,2371
MEST,4767
METAP1,4074
METAP1D,4490
METRN,3689
METTL1,1947
METTL14,6838
METTL16,8934
METTL18,1575
METTL22,8254
METTL27,1450
METTL2A,6398
METTL2B,6749
METTL4,5724
METTL6,6975
METTL7B,1374
METTL8,11733
MEX3A,6591
MEX3B,4342
MFAP1,2261
MFSD12,5290
MFSD14A,2945
MFSD14B,4105
MFSD2A,4007
MFSD4A,5790
MFSD5,2583
MFSD8,8849
MFSD9,5577
MGAT1,11499
MGAT2,2683
MGAT4A,9636
MGLL,11849
MGST1,7441
MIB2,8723
MICAL1,6841
MID1IP1,4837
MIDN,4495
MIER1,8273
MIER2,3810
MIGA1,10128
MIGA2,6302
MINDY2,9454
MINDY3,4081
MIOS,6714
MIPEP,3388
MIPOL1,20250
MIRLET7BHG,5728
MIS12,3157
MKKS,7040
MKNK2,5221
MKRN1,5843
MKRN2,9783
MKRN3,7123
MKS1,11285
MLF2,3367
MLH1,7970
MLH3,8358
MLKL,5692
MLLT10,9130
MLLT11,2483
MLLT3,8081
MLST8,4360
MLXIPL,4815
MMD,3193
MMGT1,5186
MMP16,12108
MMP17,4001
MMP19,4672
MMP2,4706
MMP9,2336
MMRN1,5510
MMS19,5763
MMS22L,21793
MNS1,2511
MOB1A,6440
MOB3A,4145
MOB3B,7120
MOBP,9237
MOCOS,6303
MOCS2,6009
MOGS,3584
MOK,10986
MON1A,6446
MORC3,6408
MORF4L2,2648
MORN1,11337
MORN2,1364
MORN3,3856
MORN4,2512
MOSPD2,5676
MPEG1,4418
MPHOSPH9,10304
MPI,9090
MPND,2049
MPP3,4491
MPPED2,8114
MPZ,2150
MPZL1,7069
MPZL3,3983
MR1,9441
MRC1,5188
MRC2,6591
MRE11,7674
MREG,3638
MRFAP1,2655
MRGBP,2752
MRI1,3466
MRM2,2886
MROH1,10889
MROH8,3877
MRPL19,8947
MRPL30,4760
MRPL35,3825
MRPL42,16368
MRPL49,3080
MRPL53,685
MRPS17,2100
MRPS25,5371
MRPS27,6517
MRPS30,6180
MRRF,11035
MRS2,5133
MS4A14,4006
MSANTD2,4534
MSANTD3,3289
MSH2,13674
MSI1,3074
MSMO1,2852
MSR1,7812
MSS51,2423
MST1,5084
MSTO1,4192
MSX1,2121
MT-ATP6,681
MT-CO2,684
MT-ND2,1042
MT-ND3,346
MT-ND4L,297
MT3,1679
MTA1,6966
MTAP,14527
MTBP,8327
MTCH1,3126
MTERF1,4872
MTERF2,3634
MTERF4,9938
MTFR1,4629
MTFR1L,5797
MTG1,5308
MTG2,5450
MTHFD1,12208
MTHFD2L,9819
MTHFR,11513
MTHFSD,6861
MTIF2,3374
MTM1,3835
MTMR6,5237
MTMR9,8404
MTO1,13313
MTPAP,8341
MTRF1,3841
MTRF1L,4297
MTRNR2L1,1249
MTRNR2L12,1049
MTRNR2L8,1293
MTRR,6498
MTSS1,7777
MTUS1,12010
MUL1,2428
MUTYH,5811
MVB12B,7904
MVK,6488
MVP,6141
MX1,17984
MX2,14562
MXD1,6351
MXD3,5154
MXD4,6873
MXI1,5907
MYADM,4298
MYBL1,7239
MYBL2,2776
MYBPC1,7455
MYC,4584
MYCBP,2773
MYCBP2,18170
MYCBPAP,6515
MYCL,5063
MYCN,2616
MYD88,3989
MYH7B,8247
MYL5,4305
MYNN,5165
MYO15A,20000
MYO15B,13109
MYO16,8816
MYO1E,9077
MYO1G,8717
MYO6,10727
MYO7A,10452
MYO9B,9952
MYOF,8490
MYPOP,1896
MYRF,10773
N4BP1,7810
N4BP2,9811
N4BP2L2,21002
NAA15,9664
NAA25,9902
NAA40,5312
NAA50,6438
NAA60,7349
NAALAD2,7168
NAALADL2,13546
NAB2,2861
NABP1,17426
NABP2,2201
NADK,5570
NAGA,3726
NAGK,8897
NAGLU,2935
NAGS,2751
NAIF1,3620
NAMPT,23584
NAP1L1,17059
NAPA,5690
NAPG,5589
NARS2,3146
NASP,8304
NAT1,3152
NAT10,5227
NAT14,1979
NAT9,4067
NAV3,13278
NAXD,2973
NBEAL1,26515
NBL1,3448
NBN,6161
NBPF1,12212
NBPF10,14362
NBPF11,5947
NBPF12,7272
NBPF14,11985
NBPF19,14047
NBPF20,18995
NBPF26,6782
NBPF3,6812
NCALD,8043
NCAM2,8286
NCAPD3,10970
NCAPG,4847
NCAPG2,7105
NCAPH,6545
NCAPH2,4459
NCBP1,5506
NCBP2,5111
NCEH1,4808
NCKAP1L,10560
NCKAP5,9563
NCKAP5L,8090
NCL,8919
NCLN,4175
NCOA3,8417
NCOA4,3988
NCOA7,7647
NCOR1,15404
NCSTN,4131
NDC1,4720
NDC80,3554
NDEL1,7956
NDFIP1,5747
NDFIP2,4994
NDN,1906
NDOR1,5188
NDP,1819
NDRG3,3260
NDUFA10,19359
NDUFA4L2,2806
NDUFA5,13738
NDUFA9,10391
NECAB1,6202
NECAB3,4342
NECAP1,8785
NECTIN2,3742
NECTIN3,7717
NEDD1,4465
NEDD4L,34097
NEDD9,10359
NEFH,3795
NEGR1,13208
NEIL1,6939
NEIL2,3366
NEIL3,2914
NEK1,8354
NEK10,9582
NEK11,5355
NEK2,3095
NEK3,4272
NEK5,7055
NEK7,5454
NEK8,4412
NELFA,5057
NELFB,2540
NELFCD,6298
NELL2,6405
NEMP2,6525
NEPRO,6490
NET1,4762
NETO2,7429
NEURL1,4961
NEURL2,1222
NEXMIF,12338
NEXN,4436
NFAM1,5828
NFATC1,9068
NFATC2,8286
NFATC2IP,5738
NFE2L3,4303
NFIA,55886
NFIB,12765
NFIL3,2055
NFKB2,4714
NFS1,6023
NFX1,7146
NFXL1,4494
NFYB,4899
NHLH1,2557
NHLRC3,6409
NHSL1,8741
NIF3L1,1993
NIM1K,3619
NIPAL2,5606
NIPBL,12519
NIPSNAP1,2983
NIPSNAP2,5651
NIT2,9226
NKAIN1,3320
NKAIN2,4456
NKAIN3,28726
NKAIN4,2591
NKIRAS1,5107
NKIRAS2,5545
NKRF,4552
NKX2-2,2123
NKX3-1,3278
NKX6-2,2770
NLGN1,10148
NLGN4Y,8589
NLN,10939
NLRC3,6689
NLRC4,3788
NLRC5,12386
NMB,1022
NMD3,4869
NME5,2389
NMNAT1,4610
NMNAT3,12983
NMT1,8564
NMT2,6470
NNMT,2596
NNT,12018
NOC2L,5540
NOC3L,4464
NOCT,2512
NOD2,6873
NOL10,3836
NOL11,4615
NOL3,2992
NOL4,6468
NOL4L,9448
NOL8,8056
NOLC1,3970
NOM1,7793
NONO,11222
NOP14,3559
NOP2,4687
NOP56,4950
NOS1AP,7854
NOSTRIN,5248
NOVA1,10328
NPAS1,2565
NPAS3,10811
NPAT,7530
NPC1,9705
NPDC1,2720
NPEPL1,7454
NPEPPS,12881
NPHP1,19581
NPIPB11,4398
NPIPB15,1702
NPIPB4,8025
NPM2,2063
NPRL2,3412
NPRL3,6426
NPTN,4032
NPTX2,3029
NQO1,2971
NR1D2,5793
NR1H3,4534
NR2C1,6454
NR2F6,2655
NR3C1,9161
NR4A1,7295
NR4A3,6314
NR6A1,7125
NRARP,2641
NRBP1,5329
NRDC,6773
NRDE2,17393
NRF1,4119
NRG1,21398
NRG2,4601
NRGN,1213
NRIP1,8497
NRIP3,4123
NRL,4554
NRN1,2286
NRP2,13896
NRROS,2902
NRSN1,4122
NRXN1,26509
NSD3,15245
NSG1,4355
NSG2,3844
NSMAF,6170
NSUN2,5506
NSUN3,8858
NSUN4,7856
NSUN7,5899
NT5C3B,2851
NT5DC1,7307
NT5DC2,4799
NT5M,1961
NTM,6956
NTNG1,10496
NTNG2,7726
NTPCR,15854
NUAK1,5924
NUAK2,3391
NUBPL,7590
NUCB1,3675
NUDCD1,10506
NUDT12,4301
NUDT13,2521
NUDT17,1657
NUDT19,3103
NUDT4,10078
NUDT6,6582
NUDT7,1638
NUF2,3362
NUMB,9546
NUP107,8103
NUP160,8576
NUP205,7621
NUP210,8195
NUP214,13213
NUP35,4025
NUP58,10395
NUP62,6020
NUP85,5193
NUP88,6003
NUP93,11123
NUPR1,5508
NUS1,4796
NUSAP1,3608
NVL,4615
NXF1,6194
NXN,5889
NXPH1,3774
NXT2,3104
OAF,2913
OAS1,13021
OAS2,11233
OASL,6315
OAT,3388
OAZ2,7671
OCIAD2,2483
ODC1,2791
ODF2,6393
ODF3B,2421
OGDH,5210
OGFOD1,5779
OGFOD2,4608
OGFOD3,6404
OGFR,4702
OGFRL1,9176
OGG1,8733
OLFM1,6125
OLFM2,2463
OLFML2B,3430
OLFML3,2821
OLIG1,2273
OLIG2,3262
OMA1,3718
OMG,3837
ONECUT2,16546
OPA3,9999
OPCML,7565
OPLAH,4441
OPN3,3724
OPTN,5138
ORAI2,11107
ORC1,3121
ORC2,5831
ORC3,4095
ORC4,8916
ORC5,3724
ORC6,4309
OS9,5169
OSBPL11,4598
OSBPL1A,8029
OSBPL3,8089
OSBPL6,11488
OSBPL8,9198
OSBPL9,10273
OSCP1,2788
OSGEP,5031
OSGEPL1,3583
OSGIN1,5558
OTUD5,3596
OTUD6B,3977
OTUD7A,14352
OTULIN,8753
OXCT1,4100
OXNAD1,6095
OXR1,8501
OXSR1,6071
P2RX7,5546
P2RY11,2140
P2RY12,2337
P2RY14,2890
P3H1,6766
P3H2,5573
P3H4,3683
P4HA1,3093
P4HB,11132
P4HTM,7637
PAAF1,7922
PABPN1,3686
PACRG,2612
PACRGL,8232
PACSIN2,4558
PACSIN3,2755
PADI2,6000
PAF1,2850
PAFAH2,3795
PAG1,11023
PAIP1,3391
PAK2,6270
PAK3,10446
PAK4,7115
PALD1,4610
PAN3,6352
PANK1,3993
PANK2,9125
PANX1,2852
PAPOLA,13609
PAPOLG,8479
PAPPA,11585
PAPSS1,3260
PAPSS2,4083
PAQR4,2942
PAQR5,6259
PARD6B,4690
PARD6G,4192
PARD6G-AS1,5996
PARG,5158
PARP1,18399
PARP10,6033
PARP11,6200
PARP12,5510
PARP14,10274
PARP15,5481
PARP16,3726
PARP2,4062
PARP3,3198
PARP4,6043
PARP8,10104
PARP9,8938
PARPBP,4747
PAX8,7371
PAXBP1,7146
PAXIP1-AS2,8880
PBK,2148
PBLD,5172
PBRM1,9654
PBX3,4904
PC,7302
PCBD2,8324
PCBP2,7926
PCBP3,6864
PCBP4,3738
PCCA,7288
PCCB,7498
PCDH15,15397
PCDH17,8392
PCDH7,12249
PCDHB9,4415
PCED1A,2320
PCF11,9951
PCGF3,7425
PCGF5,8312
PCID2,6246
PCIF1,3164
PCK2,4177
PCLO,22874
PCM1,12476
PCMTD1,7323
PCMTD2,5993
PCNA,1403
PCNP,3045
PCNX4,22042
PCOLCE,3346
PCOLCE2,3533
PCP4,985
PCSK1N,1338
PCSK4,3792
PCSK5,13341
PCSK6,21740
PCTP,5808
PCYT2,6872
PDAP1,2912
PDCD11,7672
PDCD1LG2,2432
PDCD6IP,8819
PDCD7,3235
PDCL,3351
PDE1A,6322
PDE1B,7367
PDE4A,6762
PDE4B,8930
PDE4D,16236
PDE7A,10601
PDE8A,8004
PDE9A,5281
PDGFA,4151
PDGFB,3992
PDGFC,5998
PDGFD,4263
PDHA1,4506
PDHX,3720
PDIA4,3298
PDIA5,4067
PDIA6,4096
PDIK1L,4560
PDK1,14845
PDK2,5471
PDK3,13506
PDK4,4544
PDLIM1,2227
PDLIM4,3167
PDLIM7,4407
PDPK1,10911
PDPN,3707
PDS5B,13187
PDSS2,3921
PDXK,11912
PDZD7,6602
PDZRN4,4872
PEBP1,1514
PECAM1,7741
PEF1,2223
PELO,4371
PER1,7002
PER2,6872
PER3,8128
PERP,4198
PES1,4527
PEX1,7838
PEX10,3782
PEX11B,1718
PEX13,5910
PEX14,2932
PEX2,4969
PEX5L,10236
PEX6,3465
PFKFB3,6114
PFKFB4,6107
PFKL,8926
PFKP,7728
PGAM2,837
PGAP2,3701
PGAP3,3619
PGBD1,3100
PGBD2,3651
PGBD5,11257
PGD,3333
PGGHG,5269
PGK1,5437
PGM1,4077
PGM2,3677
PGM5,7714
PGRMC1,1919
PGRMC2,4626
PGS1,5058
PHACTR1,11621
PHACTR2,11224
PHACTR3,6103
PHACTR4,7317
PHAX,3662
PHC1,6134
PHC2,5018
PHEX,10399
PHF14,14044
PHF20L1,20571
PHF21B,6007
PHF23,2733
PHF6,7957
PHGDH,9187
PHIP,14718
PHKB,11822
PHKG1,2762
PHLDA3,3243
PHLDB3,4553
PHOSPHO2,1488
PHTF1,7170
PHTF2,8646
PHYHD1,2844
PHYHIPL,4040
PHYKPL,8439
PI16,2305
PI4K2A,4189
PI4K2B,3685
PIANP,3282
PIAS2,17535
PIAS4,3556
PICALM,6342
PICK1,4371
PID1,3367
PIDD1,5855
PIF1,4656
PIGA,6294
PIGB,4542
PIGK,5514
PIGL,6162
PIGM,7038
PIGQ,7856
PIGS,5903
PIGT,19653
PIGV,5872
PIGX,4427
PIGZ,3198
PIH1D2,3269
PIK3AP1,5688
PIK3CA,17189
PIK3CB,7841
PIK3CD,6333
PIK3CG,7765
PIK3IP1,3804
PIK3R1,10731
PIK3R5,7506
PILRB,5764
PIM1,3030
PIM2,2761
PIMREG,2797
PINLYP,4569
PIP4K2A,5106
PIP4K2C,3299
PIPOX,3814
PIR,2512
PISD,5002
PITPNB,5129
PIWIL2,5737
PIWIL4,4498
PKDCC,3913
PKIA,4015
PKIG,2466
PKMYT1,4974
PKN1,4623
PKN2,6897
PKN3,3393
PKNOX1,7621
PKP2,6970
PLA2G4C,6613
PLA2G5,3342
PLAA,5315
PLAG1,7828
PLAGL1,8733
PLAT,7770
PLAU,2949
PLB1,8603
PLCB1,17412
PLCB2,7349
PLCL1,8122
PLD1,12860
PLD2,4832
PLD5,9546
PLD6,2578
PLEK2,1569
PLEKHA1,23986
PLEKHA2,6328
PLEKHA3,14205
PLEKHA5,12577
PLEKHB2,6728
PLEKHF1,2298
PLEKHF2,3157
PLEKHG4,7328
PLEKHH2,9848
PLEKHH3,4803
PLEKHM2,4134
PLEKHO1,6629
PLEKHO2,3721
PLGLB1,5221
PLIN5,4815
PLK1,4760
PLK2,4647
PLK4,4479
PLLP,8705
PLOD1,5320
PLOD3,5671
PLPBP,3427
PLPP1,1935
PLPP2,6958
PLPP4,3722
PLPP7,4349
PLPPR5,4699
PLRG1,5015
PLS1,5288
PLS3,4099
PLTP,2541
PLVAP,2295
PLXDC2,12567
PLXNC1,10033
PM20D2,4703
PMEPA1,5732
PMFBP1,5591
PMM2,12581
PMP22,10398
PMPCA,6519
PMS2,6231
PNCK,5077
PNISR,11292
PNKP,4545
PNN,4203
PNP,4134
PNPLA2,3831
PNPLA4,3411
PNPLA6,7161
PNPLA8,5673
POC1A,2274
POC1B,8769
PODXL2,2175
POGLUT1,7072
POLA1,15547
POLA2,5568
POLD1,4934
POLD2,3685
POLD3,5501
POLD4,3054
POLDIP2,2670
POLE2,2955
POLG2,4545
POLH,8368
POLK,9105
POLL,5420
POLM,4662
POLN,7721
POLQ,9185
POLR1E,2499
POLR2B,5891
POLR2C,3666
POLR2J2,2065
POLR3B,4768
POLR3F,2669
POLR3G,4024
POM121,9849
POM121C,8796
POMGNT2,2671
POMT1,12766
PON2,3844
POP1,4857
POPDC2,2208
PORCN,5795
POT1,8717
POU3F1,2965
PPAN,2888
PPARD,4457
PPARGC1B,12889
PPAT,5439
PPFIA2,8573
PPFIA3,6296
PPFIBP2,9800
PPIC,2082
PPIG,10923
PPIL1,1589
PPIL2,13915
PPIL6,4481
PPIP5K1,8075
PPIP5K2,17270
PPM1B,7105
PPM1D,5044
PPM1J,2874
PPM1K,11371
PPM1M,3607
PPME1,7749
PPOX,4725
PPP1CC,6906
PPP1R12A,11864
PPP1R13L,5028
PPP1R14A,1442
PPP1R14C,2219
PPP1R16A,5414
PPP1R16B,6408
PPP1R1C,4902
PPP1R21,3998
PPP1R32,2400
PPP1R3B,5738
PPP1R3D,3643
PPP1R3E,5550
PPP1R3F,4378
PPP1R3G,4147
PPP1R8,2815
PPP1R9A,11194
PPP2CA,5594
PPP2CB,4510
PPP2R1A,7413
PPP2R2B,13610
PPP2R2D,7392
PPP2R3A,7785
PPP2R5A,3942
PPP2R5B,3360
PPP2R5C,14289
PPP2R5E,9184
PPP3CA,5213
PPP3CB,5089
PPP4R2,5945
PPP4R3A,6015
PPP4R3B,8217
PPP5C,7089
PPP5D1,6463
PPP6C,4443
PPP6R2,5349
PPP6R3,8305
PPT1,3372
PPTC7,5685
PRAF2,1662
PRC1,5523
PRCC,4071
PRCD,5294
PRCP,23408
PRDM2,10923
PRDM8,4589
PREB,3212
PRELID2,8050
PRELID3A,2643
PRELID3B,2877
PREP,8917
PREX1,7509
PRF1,2518
PRICKLE3,3656
PRIMPOL,2789
PRKAB1,6042
PRKACB,6730
PRKAR1B,4491
PRKAR2A,6665
PRKAR2B,4262
PRKCB,11049
PRKCI,5778
PRKCQ,3295
PRKCSH,5170
PRKCZ,7695
PRKD2,5664
PRKD3,10269
PRKN,12024
PRKRIP1,3696
PRKX,6523
PRLR,13006
PRMT3,5483
PRMT7,9554
PRNP,2737
PROCA1,5095
PROM1,7457
PROS1,5270
PROX1,8936
PRPF19,2919
PRPF3,5408
PRPF38A,5617
PRPF39,4924
PRPF4,4418
PRPF4B,8429
PRPS1,3390
PRPS2,2758
PRPSAP1,6747
PRR11,6743
PRR14,3764
PRR22,1787
PRR5,5241
PRR5L,6616
PRR7,1753
PRRT3,3953
PRSS27,5920
PRSS36,3673
PRTFDC1,2324
PSAP,3189
PSAT1,2206
PSD,5979
PSD4,13442
PSEN2,16397
PSIP1,6744
PSMA6,6506
PSMC3IP,2578
PSMD10,2390
PSMD12,5342
PSMD2,4960
PSMD3,4953
PSMD5,4399
PSMD6,9056
PSME4,10392
PSMF1,10361
PSMG4,10415
PSORS1C1,5781
PSPC1,4817
PSPH,2762
PSRC1,2855
PTBP1,7521
PTBP2,14681
PTBP3,8236
PTCD1,5687
PTCD3,10123
PTCH2,5334
PTDSS1,6108
PTER,4003
PTGDS,2712
PTGS1,5784
PTGS2,5484
PTK2B,7860
PTMS,1487
PTN,1622
PTOV1,5962
PTP4A1,5914
PTP4A2,6708
PTPA,5624
PTPDC1,6369
PTPN12,5525
PTPN18,5732
PTPN4,13276
PTPRA,3911
PTPRJ,9620
PTPRN2,4868
PTPRO,20254
PTX3,1884
PUDP,3821
PUM1,6621
PUS1,5732
PUS10,7651
PUS7,4433
PUS7L,14014
PWWP2A,6537
PWWP2B,2647
PXDC1,2161
PXK,5355
PXMP4,5719
PYCR1,2886
PYCR2,3602
PYGL,4546
PYROXD2,3865
QDPR,3034
QPCT,2676
QPCTL,2825
QPRT,3680
QRSL1,5453
QSOX1,9276
QTRT2,8054
R3HCC1L,3571
R3HDM1,7898
R3HDM2,5903
R3HDM4,2957
RAB10,3654
RAB11A,5680
RAB11B,2309
RAB11FIP1,9632
RAB11FIP2,6507
RAB11FIP4,15326
RAB13,2751
RAB14,4308
RAB18,14362
RAB1B,1950
RAB21,16048
RAB24,2065
RAB26,2488
RAB27A,5603
RAB27B,7154
RAB29,3904
RAB2B,3597
RAB31,5476
RAB33B,4714
RAB34,3303
RAB35,4018
RAB37,5072
RAB39A,1885
RAB3A,1786
RAB3B,12780
RAB3GAP1,6606
RAB3GAP2,10343
RAB3IL1,3191
RAB3IP,12433
RAB40B,6164
RAB40C,4182
RAB5A,3767
RAB7A,7194
RAB8B,5103
RABEP1,7059
RABEP2,4498
RABGAP1L,16071
RABGGTB,5920
RABL2A,6008
RABL2B,5869
RABL3,6427
RABL6,10178
RAC3,1473
RACGAP1,4487
RAD1,6770
RAD18,6984
RAD23B,4613
RAD50,10565
RAD51,3084
RAD51B,7477
RAD54L,4078
RAD9B,4648
RADIL,6513
RAF1,7746
RALB,2865
RALBP1,8041
RALGAPA1,14255
RALGPS1,10507
RALGPS2,9178
RAMP2,1115
RAMP3,1427
RANBP17,10965
RANBP3,7445
RANBP9,3618
RANGAP1,6116
RAP1GAP2,7532
RAP1GDS1,5421
RAP2B,8402
RAP2C,4118
RAPGEF1,7004
RARA,4743
RARRES2,1909
RASA1,5237
RASA2,6015
RASA4,8076
RASAL2,16081
RASD1,1748
RASGEF1A,6219
RASGEF1C,3015
RASGRP1,6105
RASGRP2,6084
RASGRP3,10749
RASGRP4,4183
RASL10A,2181
RASL11A,2623
RASL11B,2445
RASSF3,4241
RASSF4,9481
RB1CC1,7613
RBBP5,4404
RBBP6,10475
RBBP7,7340
RBBP8,5078
RBFA,7945
RBFOX1,15742
RBL1,5956
RBL2,8110
RBM10,3537
RBM18,5196
RBM19,5866
RBM23,14022
RBM25,11764
RBM26,10122
RBM38,2697
RBM39,11974
RBM4,6538
RBM41,6101
RBM43,4701
RBM44,6049
RBM45,4784
RBM48,6829
RBM4B,4291
RBM6,7299
RBMS1,11778
RBMX,5882
RBP1,3905
RC3H1,11698
RCAN2,3799
RCAN3,7138
RCBTB2,3541
RCC1,3888
RCCD1,4969
RCHY1,6337
RCN2,9901
RCN3,1703
RCOR1,6199
RCOR3,9092
RDH11,5498
RDH5,2983
RDX,8518
REC8,3844
RECQL,3779
RECQL4,4236
REEP1,5846
REEP2,3244
REEP3,5215
REEP5,3974
REEP6,2030
RELA,5459
RELL1,4214
RELL2,2583
RELT,6187
RENBP,2047
RETREG1,15449
REV1,7769
REV3L,12425
RFC1,6719
RFC3,2858
RFC4,2997
RFC5,3249
RFK,3868
RFNG,3865
RFT1,5479
RFTN2,5776
RFWD3,6456
RFX1,5473
RFX2,9094
RFXAP,2308
RGL3,4344
RGL4,4715
RGN,2811
RGS12,13755
RGS14,3705
RGS17,7932
RGS20,3205
RGS3,13793
RGS6,8948
RGS7,2576
RGS9,7051
RHBDD2,2390
RHBDL1,1879
RHBDL2,2826
RHNO1,2644
RHOA,4805
RHOB,2367
RHOC,4007
RHOF,6181
RHOQ,6424
RHOT1,6516
RHPN1,4184
RIC1,8591
RIC3,7694
RIC8A,6488
RICTOR,13540
RIDA,1497
RIMS1,12788
RIMS2,13962
RIN1,5377
RIN2,8271
RIN3,8676
RINT1,3571
RIOK2,5489
RIOX1,2462
RIPK1,12173
RIPK3,3229
RIPOR2,9435
RIPOR3,6023
RIT1,4038
RIT2,2045
RITA1,2309
RLF,6232
RMDN1,5552
RMDN2,6031
RMDN3,5114
RMI1,3420
RMI2,3611
RMND5B,7704
RNASE1,1083
RNASEH2A,2056
RNASEK,1789
RND1,3948
RND3,3594
RNF10,5900
RNF111,7173
RNF115,11059
RNF121,3250
RNF122,1872
RNF139,3262
RNF14,4988
RNF144B,5171
RNF145,4614
RNF146,3392
RNF150,11012
RNF157,7913
RNF165,11419
RNF168,5347
RNF170,6055
RNF175,4144
RNF180,5435
RNF185,3448
RNF187,3386
RNF19B,2734
RNF2,3906
RNF208,1150
RNF214,4407
RNF216,7576
RNF217,12887
RNF220,9687
RNF24,7644
RNF25,1886
RNF26,2783
RNF4,7141
RNF41,6533
RNF44,5627
RNFT2,7621
RNGTT,5188
RNPC3,6867
RNPEPL1,7970
RNPS1,8567
ROBO2,16663
ROBO3,6981
ROGDI,3613
ROM1,1977
ROR2,5880
RORA,17023
RP2,3700
RPA1,5492
RPAIN,7431
RPAP2,17048
RPAP3,5350
RPGR,8358
RPH3A,10276
RPL17,2451
RPL4,5609
RPL7L1,7811
RPN1,3965
RPP25,2355
RPRD1B,5330
RPS4Y1,2159
RPS6KA3,9801
RPS6KA4,3807
RPS6KA5,27982
RPS6KB1,7697
RPS6KL1,7526
RPUSD1,2769
RPUSD2,2489
RPUSD3,5348
RPUSD4,4081
RRAD,1601
RRAGA,1599
RRAGC,5116
RRAS,1102
RRAS2,3456
RRBP1,6980
RREB1,17254
RRM1,4233
RRM2,9153
RRP12,8529
RRP15,7877
RRP1B,5750
RRP36,2236
RRS1,1720
RSAD1,4137
RSAD2,5659
RSBN1,6819
RSF1,15579
RSPH1,2880
RSPRY1,6058
RSRP1,6730
RSU1,4126
RTKN,5191
RTKN2,9793
RTL8B,2030
RTL8C,1192
RTN1,6019
RTN2,3227
RTN3,5792
RTN4,6644
RTN4RL2,2408
RTP4,1501
RTTN,19358
RUBCNL,15923
RUFY2,8137
RUFY3,9405
RUNDC3A,4904
RUNX1,15574
RUNX1T1,13535
RUNX2,8192
RUSC1,5429
RUVBL1,6998
RWDD2A,3769
RWDD2B,3377
RYK,8162
RYR1,15973
S100A1,3030
S100A13,2216
S100A16,1701
S100A2,1546
S100B,1806
S100PBP,9190
S1PR2,3643
S1PR5,2803
SACM1L,7337
SAE1,3742
SAFB,7036
SAFB2,6018
SALL3,6849
SAMD1,2295
SAMD10,2450
SAMD12,15382
SAMD13,3405
SAMD9,6855
SAMHD1,10835
SAPCD2,3814
SAR1A,6914
SAR1B,10798
SARDH,5118
SARNP,3365
SART1,4593
SASH3,2741
SASS6,3972
SATB1,13419
SAV1,5605
SAXO2,4160
SAYSD1,2923
SBDS,1715
SBK1,5243
SBNO1,11128
SC5D,10054
SCAF11,14035
SCAF4,5977
SCAI,13036
SCAMP1,6746
SCAMP4,6795
SCAPER,11610
SCARB1,14887
SCCPDH,2141
SCD5,4231
SCFD2,3176
SCG3,3171
SCIN,11626
SCLT1,8980
SCML2,4327
SCML4,9066
SCN1B,8200
SCN3A,11566
SCN9A,13946
SCNN1D,4025
SCOC,6296
SCRG1,5103
SCRN3,4144
SCX,1106
SCYL1,4282
SCYL2,7472
SCYL3,6883
SDC2,4084
SDCBP2,2553
SDF4,4744
SDHC,1902
SDK1,12258
SEC14L1,10356
SEC22A,4704
SEC22B,9039
SEC23A,8660
SEC23IP,7847
SEC24D,9920
SEC31A,9297
SEC61A2,3916
SEC63,8606
SECISBP2,9820
SECTM1,2909
SEL1L3,7483
SELENBP1,3476
SELENOP,5502
SELL,2731
SEMA3C,6100
SEMA3E,8450
SEMA4A,6771
SEMA4D,14160
SEMA6B,4710
SEMA7A,3800
SENP1,6114
SENP2,7102
SENP5,7035
SENP6,11417
SENP7,6396
SENP8,4982
SEPHS1,3884
SERAC1,11003
SERBP1,7676
SERHL2,2821
SERINC2,3452
SERINC5,9539
SERPINB8,5764
SERPINE1,3156
SERPING1,7231
SERPINH1,6281
SERPINI1,2128
SERTAD2,6274
SESN2,3462
SET,4359
SETD3,5186
SETD4,7288
SETD6,7739
SETDB1,7093
SETDB2,6678
SETMAR,3567
SEZ6,4962
SEZ6L,7161
SEZ6L2,4113
SF1,5972
SF3A2,2790
SF3A3,3894
SF3B2,9795
SFI1,12176
SFMBT1,5681
SFMBT2,10609
SFRP1,4733
SFSWAP,10158
SFT2D3,3746
SFXN1,7407
SFXN2,8034
SGCD,10584
SGCE,20876
SGIP1,25445
SGK3,5691
SGMS1,6423
SGMS2,7635
SGO1,3742
SGO2,6336
SGPL1,7510
SGPP1,3336
SGSM1,8607
SGSM3,4770
SGTA,8248
SH2B2,2384
SH2B3,5707
SH2D3C,4628
SH2D4A,4072
SH3BGR,1355
SH3BP5,4616
SH3D21,8142
SH3GL1,3685
SH3GL3,3363
SH3GLB1,6881
SH3RF1,5472
SH3RF3,5948
SH3TC1,10601
SH3YL1,11132
SHC2,4162
SHC4,6532
SHCBP1,6175
SHD,2144
SHF,4894
SHISA4,1911
SHISA5,4416
SHISA6,8577
SHISA9,10180
SHMT2,4592
SHOC2,4382
SHOX2,5011
SHQ1,5833
SHROOM1,4181
SHTN1,8252
SIAH1,6688
SIDT1,7798
SIGLEC1,8126
SIGLEC10,3668
SIGLEC11,3173
SIGLEC14,2082
SIGLEC8,3171
SIGMAR1,3123
SIKE1,5894
SIMC1,5536
SIPA1,4652
SIRPA,4957
SIRPB1,8227
SIRPB2,5047
SIRT1,4564
SIRT3,5553
SIRT5,11295
SIRT7,6134
SKA2,3233
SKA3,2998
SKIL,7782
SKP2,17377
SLAIN1,4300
SLAIN2,6306
SLAMF6,2746
SLAMF7,4833
SLAMF8,3178
SLC10A3,2247
SLC10A7,6687
SLC11A1,8676
SLC11A2,9888
SLC12A2,10653
SLC12A5,8907
SLC12A8,5586
SLC12A9,8901
SLC15A2,5984
SLC15A3,6949
SLC15A4,5468
SLC16A10,11237
SLC16A13,2143
SLC16A3,9236
SLC16A4,3164
SLC16A5,3089
SLC16A6,4061
SLC16A7,13703
SLC17A9,5461
SLC18B1,2844
SLC19A1,11235
SLC19A2,4364
SLC1A5,3332
SLC20A1,5493
SLC22A15,5277
SLC22A17,4278
SLC22A4,2721
SLC24A2,10749
SLC24A3,3922
SLC24A4,14777
SLC25A10,2621
SLC25A12,6126
SLC25A13,3710
SLC25A14,3009
SLC25A15,4186
SLC25A16,7865
SLC25A20,1898
SLC25A22,4595
SLC25A25,5926
SLC25A28,1830
SLC25A32,3654
SLC25A34,3338
SLC25A35,3952
SLC25A36,10339
SLC25A37,7996
SLC25A38,2662
SLC25A4,4819
SLC25A40,5084
SLC25A42,4666
SLC25A43,2839
SLC25A45,7855
SLC25A51,3397
SLC25A53,6827
SLC26A11,4903
SLC26A4,5607
SLC27A1,8204
SLC27A4,3229
SLC29A2,2720
SLC29A4,5840
SLC2A13,10023
SLC2A3,6071
SLC2A4RG,2874
SLC2A5,6632
SLC30A5,5481
SLC30A7,8600
SLC30A9,7199
SLC31A1,5145
SLC35A1,1994
SLC35A4,4030
SLC35B2,2363
SLC35C2,7708
SLC35E3,23252
SLC35E4,5402
SLC35F1,5117
SLC35F2,3483
SLC35F6,3902
SLC35G1,6829
SLC35G2,4283
SLC36A4,9709
SLC37A1,6854
SLC37A2,6340
SLC38A10,7907
SLC38A2,6509
SLC38A5,4018
SLC38A6,5147
SLC38A7,6657
SLC38A9,8823
SLC39A10,6917
SLC39A11,5583
SLC39A13,4579
SLC39A8,8482
SLC40A1,4218
SLC41A3,6590
SLC43A1,3526
SLC43A3,4517
SLC44A3,2869
SLC44A5,6299
SLC45A1,2600
SLC45A3,3752
SLC46A3,3776
SLC47A1,5719
SLC48A1,4912
SLC4A10,7550
SLC4A1AP,5207
SLC4A2,7570
SLC4A7,9616
SLC5A6,5588
SLC6A11,6680
SLC6A12,5317
SLC6A6,8254
SLC7A14,10496
SLC7A5,4764
SLC7A6,7588
SLC7A6OS,5230
SLC7A8,5991
SLC8A1,21922
SLC8B1,6768
SLC9A3R1,2339
SLCO1A2,11524
SLCO2B1,10277
SLCO3A1,9422
SLCO4A1,3991
SLCO5A1,9907
SLF2,8812
SLFN11,5982
SLFN12,3674
SLFN13,9329
SLIT1,9142
SLK,8107
SLPI,596
SLX4IP,6486
SMAD1,7094
SMAD5,9040
SMAD7,3946
SMARCA4,15479
SMARCA5,8146
SMARCAD1,6313
SMARCAL1,5092
SMARCC1,7624
SMARCD1,4903
SMARCD2,3662
SMC2,6470
SMC4,8164
SMC5,6606
SMC6,9824
SMCHD1,12447
SMG9,7908
SMIM10,1483
SMIM14,6527
SMIM15,2888
SMIM3,1638
SMIM5,5117
SMIM8,8750
SMKR1,969
SMOC1,4369
SMOX,2946
SMPD1,2741
SMPD3,6984
SMPD4,9171
SMU1,7136
SMURF2,7213
SMYD2,4889
SMYD4,6798
SNAI1,1705
SNAP25,3357
SNAP29,4925
SNAP47,10190
SNAPC3,6684
SNCAIP,7266
SND1,6486
SNIP1,5718
SNRK,6981
SNRNP48,5837
SNRPN,3408
SNTG1,10600
SNX10,3605
SNX11,4133
SNX14,25158
SNX16,4608
SNX20,5750
SNX22,5767
SNX25,5069
SNX29,11299
SNX32,3773
SNX5,7953
SNX7,2067
SNX8,5750
SOAT1,7005
SOBP,7895
SOCS2,6477
SOCS3,2734
SOCS6,5839
SORD,12428
SORL1,19408
SOX10,4087
SOX11,9002
SOX15,1465
SOX4,4869
SOX5,11062
SOX6,20093
SOX8,4470
SP2,3642
SP4,6225
SPA17,5159
SPACA9,2823
SPAG1,5056
SPAG4,2348
SPAG8,2722
SPART,6534
SPAST,9481
SPATA17,6515
SPATA20,5337
SPATA24,1205
SPATA33,5808
SPATA5,9313
SPATA5L1,3397
SPATA6,5938
SPATA6L,9565
SPATA7,6872
SPATS2L,10453
SPC24,2839
SPCS3,6829
SPDL1,4775
SPDYA,3483
SPDYE3,4131
SPEF2,16140
SPESP1,1563
SPG7,35761
SPHK1,4416
SPHK2,6009
SPIDR,7174
SPIRE2,7999
SPN,7382
SPNS2,4068
SPOCK3,4482
SPON2,5985
SPOP,6506
SPOPL,6499
SPOUT1,4566
SPP1,7250
SPPL2A,8045
SPPL3,6659
SPR,1458
SPRED1,7750
SPRTN,5906
SPRY1,3963
SPRY2,3213
SPSB1,3389
SPSB4,3795
SPTLC1,6513
SPTLC2,9007
SPTLC3,8527
SPTSSA,2662
SPTY2D1,5899
SQLE,4305
SRBD1,5045
SREBF1,8234
SRGAP1,26230
SRGAP2,15609
SRGAP3,18924
SRI,4226
SRP68,7505
SRP9,2220
SRPK1,6692
SRPK2,6366
SRPRA,4148
SRPRB,4190
SRPX,1987
SRR,3252
SRRM3,6877
SRRT,4858
SRSF10,11860
SRSF12,4538
SRSF4,8806
SRSF8,4307
SSBP2,11284
SSBP3,6954
SSC4D,2821
SSH1,14538
SSH2,12696
SSH3,3611
SSPN,6780
SSR1,11349
SSR3,5179
SSTR2,7854
ST13,3764
ST14,4116
ST18,14396
ST20-AS1,4223
ST3GAL1,8852
ST3GAL3,19448
ST3GAL4,5962
ST3GAL5,16300
ST6GAL1,11142
ST6GALNAC3,7212
ST7,6526
ST7L,8108
ST8SIA4,7812
ST8SIA5,15673
STAB1,10588
STAC,4237
STAC2,3430
STAG1,7843
STAG2,8199
STAM2,6776
STAMBP,18050
STAP2,2766
STARD10,4076
STARD3NL,4324
STARD4,5684
STARD5,6339
STARD8,5558
STAT1,9770
STAT3,11208
STAT5A,6385
STAT6,7298
STAU1,4094
STAU2,8964
STEAP1B,6478
STIL,7821
STIM2,8283
STIP1,4601
STK10,8915
STK11IP,5697
STK17A,5683
STK17B,6566
STK24,12077
STK25,7588
STK3,12604
STK32B,5282
STK33,7599
STK38,3585
STK38L,6863
STK40,5618
STMN1,6247
STMN2,2042
STMN3,3029
STMN4,3294
STOM,3199
STOML1,10458
STPG1,8511
STRADB,3177
STRBP,8121
STRIP1,7344
STRN3,4965
STT3B,5006
STX12,3801
STX17,8912
STX18,5349
STX1A,3693
STX2,3723
STX3,7308
STX6,6477
STX7,16387
STXBP3,5892
STXBP5,10504
STXBP5L,11085
STXBP6,8067
STYX,4983
SUCLA2,8879
SUCNR1,4181
SUCO,7894
SUDS3,5558
SUFU,6880
SUGCT,2829
SUGP1,5021
SUGT1,15102
SULT1A1,10161
SUMF1,6944
SUMF2,4101
SUMO4,1017
SUN2,6489
SUPT16H,6900
SUPT20H,10933
SUPT5H,8568
SUSD1,4074
SUSD4,5336
SUSD6,5832
SUV39H1,3233
SUV39H2,3565
SWAP70,7192
SWT1,4068
SYCP2,6465
SYCP2L,3962
SYMPK,10532
SYNC,3722
SYNCRIP,10452
SYNGR1,6940
SYNGR3,3395
SYP,5144
SYPL1,2783
SYS1,6000
SYT1,6389
SYT17,7545
SYT5,5198
SYT6,5065
SYTL1,5584
TAB1,4419
TACC1,12577
TACC2,18855
TACC3,8825
TADA1,2900
TADA3,4127
TAF13,1401
TAF1D,7970
TAF2,6526
TAF4,9879
TAF4B,4886
TAF6,4060
TAF6L,3095
TAF7,2684
TAF8,9284
TAGLN2,2262
TAGLN3,1716
TAL1,5700
TAMM41,5925
TANGO2,7395
TAPT1,7758
TARBP2,4090
TARS2,4077
TASP1,2897
TAX1BP3,1381
TBC1D1,9035
TBC1D10A,6948
TBC1D12,7286
TBC1D15,8227
TBC1D17,4746
TBC1D19,4138
TBC1D2,3597
TBC1D23,5176
TBC1D25,3966
TBC1D2B,9763
TBC1D30,9877
TBC1D31,8609
TBC1D32,6912
TBC1D4,8032
TBC1D8,6417
TBC1D8B,9515
TBC1D9,5851
TBC1D9B,11511
TBCCD1,3398
TBCD,23081
TBL2,6396
TBL3,7119
TBRG1,7155
TBRG4,5803
TBX19,3810
TBX6,3174
TCAF1,6310
TCAF2,6410
TCAIM,8743
TCAP,960
TCEA2,4788
TCEAL2,3163
TCEAL4,2511
TCEAL5,1046
TCEAL7,1144
TCEAL9,1974
TCEANC,5231
TCERG1,8714
TCF12,9446
TCF4,29166
TCF7,10093
TCF7L1,4431
TCF7L2,6739
TCHH,6995
TCHP,9054
TCIRG1,4375
TCN2,2950
TCOF1,11439
TCP1,4883
TCP11L1,5370
TCTA,2747
TCTN1,12558
TCTN3,9465
TDP1,6223
TDP2,2977
TDRD3,7823
TDRD7,4174
TDRD9,5486
TEAD4,2275
TEC,4004
TELO2,4239
TEPSIN,4762
TERF2,5634
TESK1,3341
TESK2,3319
TESPA1,5044
TET2,16474
TEX10,7264
TEX22,2878
TEX9,8290
TF,26038
TFAP2A,8220
TFAP2E,4308
TFAP4,7867
TFCP2,3975
TFCP2L1,9367
TFDP1,3744
TFDP2,11897
TFEB,6722
TFG,12709
TFIP11,5436
TFPI,11714
TFR2,5065
TFRC,7794
TGFA,4917
TGFB1,3264
TGFB1I1,5403
TGFBI,7717
TGFBR1,6822
TGFBR2,6850
TGIF2,3973
THAP10,2047
THAP11,1876
THAP12,8802
THAP2,5240
THAP4,2856
THAP5,5056
THAP6,7127
THAP8,1803
THAP9,4332
THBD,4040
THEM6,3035
THEMIS2,4621
THNSL2,7353
THOC1,8102
THOC2,10277
THOP1,7421
THRAP3,4720
THSD7A,10921
THTPA,2894
THUMPD1,6501
THUMPD3,5236
TIA1,6607
TIAL1,7355
TIAM1,9216
TICAM1,2684
TIFA,4256
TIGD1,6675
TIGD3,2028
TIGD4,2438
TIMM21,5197
TIMM23B,3040
TIMM44,4635
TIMM50,7192
TIMP1,1446
TIMP4,1194
TINF2,2712
TIPARP,4800
TIRAP,3591
TJAP1,6741
TK2,10339
TKFC,8126
TLCD1,1336
TLE1,5257
TLE2,4150
TLE3,12634
TLE6,3555
TLK1,9405
TLK2,14835
TLN2,16209
TLNRD1,4866
TLR1,4537
TLR2,5775
TLR3,6725
TLR4,13277
TLR6,6035
TLR7,5201
TLR8,4353
TM7SF2,3408
TM7SF3,5504
TM9SF2,5566
TM9SF3,7494
TM9SF4,5207
TMBIM1,5093
TMBIM6,6186
TMC6,11730
TMC7,5638
TMCC2,5822
TMCC3,6512
TMCO3,10381
TMCO4,4027
TMCO6,3494
TMED10,4956
TMED2,3833
TMED4,3769
TMED5,9211
TMEFF2,5856
TMEM100,2906
TMEM106A,3577
TMEM106C,3475
TMEM107,3943
TMEM108,8408
TMEM115,2107
TMEM116,7989
TMEM117,3440
TMEM119,3184
TMEM121,1924
TMEM121B,5071
TMEM123,4442
TMEM129,3442
TMEM131L,6393
TMEM138,6005
TMEM140,2313
TMEM143,3523
TMEM144,9248
TMEM145,3605
TMEM151A,2538
TMEM154,11438
TMEM158,1822
TMEM161B,9598
TMEM163,6804
TMEM167A,4865
TMEM167B,3613
TMEM168,7831
TMEM169,3628
TMEM17,2985
TMEM170A,5572
TMEM175,3623
TMEM177,2588
TMEM178A,2472
TMEM182,6084
TMEM185A,5158
TMEM185B,5922
TMEM186,1972
TMEM19,6494
TMEM192,10182
TMEM198,2578
TMEM199,4559
TMEM203,1567
TMEM204,1954
TMEM209,4669
TMEM217,3350
TMEM218,7580
TMEM222,4476
TMEM232,10171
TMEM234,3571
TMEM236,5515
TMEM241,5193
TMEM25,5529
TMEM254,2996
TMEM255A,3858
TMEM259,4031
TMEM26,6839
TMEM260,8072
TMEM263,4768
TMEM35A,2415
TMEM37,2291
TMEM38A,2987
TMEM39A,5867
TMEM41A,8668
TMEM41B,4278
TMEM44,4561
TMEM45A,6005
TMEM54,1417
TMEM59L,2626
TMEM62,4746
TMEM63B,4425
TMEM65,9038
TMEM67,11732
TMEM68,8574
TMEM71,3336
TMEM79,3032
TMEM80,3908
TMEM86A,4243
TMEM86B,2147
TMEM87B,5321
TMEM9,3919
TMEM91,2487
TMEM97,2929
TMEM98,5187
TMF1,7911
TMOD1,3676
TMOD3,10632
TMPO,8498
TMPRSS5,2665
TMTC4,6574
TMX2,2253
TMX3,7447
TNFAIP2,5058
TNFAIP6,1577
TNFAIP8L1,6669
TNFAIP8L3,2572
TNFRSF10A,2927
TNFRSF10B,5010
TNFRSF10C,1545
TNFRSF10D,3535
TNFRSF11A,8995
TNFRSF11B,2512
TNFRSF12A,1801
TNFRSF13C,3923
TNFRSF1A,4005
TNFRSF25,4263
TNFSF10,3441
TNFSF14,4780
TNFSF15,7785
TNFSF18,2744
TNFSF4,3963
TNIP1,5793
TNKS2,6242
TNPO3,4676
TNRC6B,19998
TNRC6C,11111
TOB1,2521
TOGARAM1,10292
TOGARAM2,10673
TOLLIP,5983
TOM1L1,7275
TOMM20,3438
TOMM34,1973
TOMM40L,3291
TOMM5,3606
TONSL,7107
TOP1MT,6425
TOPBP1,7337
TOPORS,4131
TOR1B,2907
TOR4A,4171
TOX,4076
TOX2,3235
TOX3,6754
TOX4,7091
TP53,5676
TP53I11,7345
TP53I3,2312
TP53RK,3185
TP73,6767
TPCN1,8728
TPD52,8111
TPGS2,10569
TPH1,5664
TPM1,13765
TPP1,6502
TPP2,8793
TPPP3,2601
TPR,12350
TPRG1,9538
TPRG1L,2401
TPRN,5281
TPST1,2805
TPT1,7183
TPX2,3605
TRA2B,13084
TRABD2A,8771
TRAF3IP1,4614
TRAF3IP2,7871
TRAF4,4573
TRAF5,9022
TRAF6,8129
TRAF7,4489
TRAFD1,3898
TRAIP,3261
TRAM1,4131
TRAP1,5183
TRAPPC10,11951
TRAPPC11,5841
TRAPPC13,6761
TRAPPC2,6215
TRAPPC5,5679
TRAPPC6B,4533
TRDMT1,15453
TRERF1,7732
TRIB3,3291
TRIM11,8488
TRIM13,8096
TRIM14,5481
TRIM16,5640
TRIM16L,4329
TRIM21,1935
TRIM22,5944
TRIM23,4654
TRIM24,9301
TRIM28,4306
TRIM33,9604
TRIM36,6061
TRIM38,9418
TRIM4,4832
TRIM46,4533
TRIM47,3145
TRIM5,5350
TRIM58,5170
TRIM59,7822
TRIM6,3964
TRIM8,5011
TRIP10,3986
TRIP11,10372
TRIP13,3319
TRIP6,2553
TRIQK,6721
TRIT1,6533
TRMO,4149
TRMT10A,4386
TRMT13,4134
TRMT1L,4914
TRMT2A,3954
TRMT44,7752
TRMT61A,3217
TRMU,9219
TROAP,3954
TRPC4AP,3162
TRPM2,6360
TRPM3,20015
TRPM4,6604
TRPM8,7928
TRPV2,3381
TRPV4,3876
TRUB1,3599
TRUB2,5832
TSC22D1,8586
TSC22D2,11676
TSC22D4,3668
TSEN2,12407
TSGA10,7375
TSHZ2,12630
TSN,4395
TSNARE1,4339
TSNAXIP1,3852
TSPAN10,4745
TSPAN12,3309
TSPAN13,2004
TSPAN14,17889
TSPAN31,5251
TSPAN33,3530
TSPAN5,7412
TSPAN7,2938
TSPYL1,9089
TSPYL2,4948
TSPYL5,4441
TSTD2,5668
TTC12,5247
TTC13,4212
TTC14,7900
TTC17,11296
TTC21A,7701
TTC21B,33812
TTC26,4999
TTC27,3443
TTC3,15883
TTC33,9708
TTC37,10424
TTC39C,7188
TTC5,9672
TTC7A,7180
TTC8,6257
TTC9B,2342
TTF2,10158
TTI2,3806
TTK,4579
TUBA1B,3574
TUBA1C,4454
TUBA4A,3698
TUBB2A,2907
TUBB4A,3220
TUBB6,3941
TUBE1,7087
TUBG1,4316
TUBG2,2793
TUBGCP2,14147
TUBGCP3,7248
TUBGCP4,11171
TUFT1,3878
TULP3,3179
TUSC1,1476
TVP23A,5772
TVP23B,5746
TWF1,3885
TWSG1,4435
TXLNG,4455
TXNDC15,4807
TXNDC16,4733
TXNIP,3604
TXNL4B,3142
TXNRD1,6710
TXNRD2,8201
TYMS,2421
TYSND1,4621
TYW1,3885
TYW5,11558
U2AF1,11095
U2SURP,11297
UAP1,3437
UBA2,4815
UBA3,4106
UBA6,11408
UBA7,4550
UBALD1,3591
UBAP1,2772
UBAP2,12402
UBASH3B,8964
UBE2D4,4715
UBE2E1,3346
UBE2J1,4164
UBE2M,1743
UBE2Q1,4190
UBE2Q2,3830
UBE2W,9091
UBE3A,19033
UBE3D,6402
UBE4A,6561
UBIAD1,5090
UBL3,4317
UBL4A,2575
UBN1,8592
UBOX5,4738
UBR1,9928
UBR2,8874
UBXN11,4704
UBXN2A,6838
UBXN2B,5295
UBXN6,5247
UCHL1,2207
UCHL5,6661
UCK1,2684
UCKL1,3185
UFD1,8722
UFM1,4382
UFSP1,995
UGCG,4567
UGDH,4025
UGGT2,8105
UGT8,4385
UHRF1BP1L,6646
UHRF2,9919
UIMC1,4767
ULBP2,1335
ULK3,3514
ULK4,6279
UMAD1,3752
UMPS,7512
UNC13D,7485
UNC45A,7498
UNC5B,6841
UNG,2544
UNK,5540
UNKL,7494
UPF3A,5755
UPRT,3689
UQCRHL,2180
URI1,5448
USB1,8233
USO1,4604
USP1,3869
USP10,5075
USP11,5093
USP12,5096
USP13,15296
USP14,5987
USP2,4523
USP20,5511
USP25,7861
USP28,5719
USP33,6918
USP36,9235
USP37,9280
USP4,7328
USP42,7072
USP45,8105
USP47,13722
USP48,9497
USP5,3718
USP51,4643
USP53,11950
USP6,11676
USP6NL,14202
USP8,20641
USP9Y,18224
USPL1,5125
UTP20,10030
UTP23,5244
UTP3,2020
UTRN,14604
UTY,9716
VAMP2,3241
VAMP3,2733
VAMP4,4986
VAV3,7306
VAX2,2975
VBP1,1948
VCP,10042
VDR,5674
VEGFB,1970
VENTX,2459
VEZT,8766
VGF,2680
VGLL4,7228
VHL,4890
VILL,6476
VIPAS39,3695
VIPR2,5132
VMA21,5107
VMP1,6854
VNN1,3853
VNN2,2595
VOPP1,5341
VPS13A,20100
VPS16,3364
VPS18,4029
VPS33B,3755
VPS35,9733
VPS37A,6424
VPS37B,5634
VPS37C,3957
VPS37D,1620
VPS45,6637
VPS4A,5676
VPS50,9559
VPS8,10366
VPS9D1,3340
VSIG10,8361
VSIG10L,3786
VSIG4,2333
VSTM2B,1488
VTA1,7258
VTI1A,8408
VTI1B,5768
VWA5A,6361
VWCE,4766
WAC,12780
WAPL,7205
WARS2,3830
WASF1,3260
WASF2,5681
WASHC2A,5162
WASHC2C,5705
WASHC4,7694
WASHC5,4763
WBP11,5258
WBP1L,7833
WBP2,5399
WBP2NL,6180
WDFY2,16199
WDFY4,13678
WDHD1,6386
WDPCP,13600
WDR11,10707
WDR12,9066
WDR13,7872
WDR20,7325
WDR24,3651
WDR3,10276
WDR33,14575
WDR36,7656
WDR37,6301
WDR4,2738
WDR41,7141
WDR44,4202
WDR45B,3542
WDR48,7473
WDR5,3635
WDR55,7483
WDR59,9402
WDR62,12217
WDR73,9622
WDR75,5040
WDR76,4054
WDR77,2685
WDR86,4044
WDR89,3218
WDR91,16225
WEE1,9251
WHRN,5704
WIPF1,9121
WIPF3,6065
WIPI2,8983
WNK3,11472
WNT2B,12374
WNT5A,7153
WNT5B,4240
WRAP53,5087
WRAP73,7634
WRN,8222
WRNIP1,3898
WSB1,8602
WWC2,10002
WWOX,17115
WWP1,6527
WWP2,8993
XAB2,4653
XAF1,6615
XKR4,20246
XKR6,5676
XKR8,5180
XPC,4636
XPNPEP1,6691
XPNPEP3,9574
XRCC1,2745
XRCC2,4832
XRN1,11982
XRRA1,9086
XXYLT1,5396
XYLB,6327
YAF2,10839
YBX3,8621
YIPF2,2518
YIPF4,12239
YME1L1,7336
YPEL1,4681
YPEL2,8701
YRDC,1848
YTHDC2,10805
YTHDF3,6163
YWHAH,2392
YWHAQ,2701
YWHAZ,8557
YY1,8557
YY2,2754
ZAP70,5095
ZBED5,9029
ZBP1,5405
ZBTB1,6336
ZBTB11,7053
ZBTB16,16557
ZBTB17,4240
ZBTB2,3103
ZBTB24,5501
ZBTB43,7052
ZBTB45,3006
ZBTB46,7086
ZBTB48,4510
ZBTB49,2889
ZBTB7A,6740
ZBTB7B,4303
ZBTB8A,7077
ZC2HC1C,8738
ZC3H11A,12829
ZC3H12D,6686
ZC3H13,10265
ZC3H14,20998
ZC3H18,8624
ZC3H6,11800
ZC3H7A,7067
ZC3H8,6572
ZC3HAV1,8466
ZC4H2,5173
ZCCHC12,2197
ZCCHC18,3385
ZCCHC2,10213
ZCCHC3,2752
ZCCHC4,4411
ZCCHC8,9125
ZCWPW2,4533
ZDHHC1,3531
ZDHHC13,7759
ZDHHC14,11132
ZDHHC15,6820
ZDHHC16,3039
ZDHHC2,6282
ZDHHC20,5576
ZDHHC21,9387
ZDHHC22,3862
ZDHHC4,3557
ZDHHC7,3953
ZEB2,26111
ZFAND3,3808
ZFAND4,6233
ZFAND5,7065
ZFC3H1,9432
ZFHX3,22347
ZFP14,7819
ZFP36,1976
ZFP36L1,5160
ZFP36L2,3693
ZFP37,6357
ZFP64,6790
ZFP69,3173
ZFP69B,2566
ZFP82,9214
ZFPM1,6162
ZFR2,6088
ZFX,9037
ZFY,5557
ZFYVE16,15490
ZFYVE19,4779
ZFYVE21,8390
ZFYVE27,3899
ZFYVE28,9612
ZGLP1,2431
ZHX1-C8orf76,1325
ZKSCAN4,5346
ZMAT1,7562
ZMPSTE24,4022
ZMYM1,5205
ZMYM2,13611
ZMYND10,2889
ZMYND11,5325
ZMYND12,2181
ZMYND15,3485
ZMYND19,2392
ZMYND8,7625
ZNF101,6560
ZNF114,3014
ZNF124,5433
ZNF131,8516
ZNF135,6418
ZNF136,5578
ZNF138,2850
ZNF14,2963
ZNF140,4450
ZNF141,12944
ZNF148,10437
ZNF16,5237
ZNF165,2514
ZNF169,5674
ZNF174,2890
ZNF185,4812
ZNF195,11711
ZNF20,4096
ZNF200,7498
ZNF205,2330
ZNF207,15818
ZNF212,3179
ZNF217,6175
ZNF222,2001
ZNF226,6922
ZNF230,6287
ZNF232,2794
ZNF248,7291
ZNF250,7357
ZNF253,3630
ZNF254,7609
ZNF257,5168
ZNF267,6284
ZNF273,8652
ZNF274,8333
ZNF276,7456
ZNF280C,4638
ZNF280D,12118
ZNF281,4895
ZNF286B,5145
ZNF287,7997
ZNF292,14861
ZNF296,1743
ZNF3,5424
ZNF30,2745
ZNF302,5032
ZNF324,5664
ZNF326,10988
ZNF335,7545
ZNF33A,7547
ZNF33B,8309
ZNF34,3110
ZNF341,5457
ZNF345,4739
ZNF346,6686
ZNF350,4542
ZNF354A,2984
ZNF354B,3742
ZNF358,2083
ZNF362,3384
ZNF367,3687
ZNF383,8419
ZNF385A,3189
ZNF385C,5198
ZNF385D,13400
ZNF394,8611
ZNF397,8715
ZNF404,2477
ZNF408,2866
ZNF420,4077
ZNF425,3665
ZNF429,7571
ZNF43,8631
ZNF431,14132
ZNF438,4267
ZNF439,5207
ZNF44,6061
ZNF444,7143
ZNF446,4768
ZNF449,5591
ZNF454,2662
ZNF467,2843
ZNF480,4844
ZNF483,16723
ZNF485,2386
ZNF486,4273
ZNF487,5168
ZNF490,6792
ZNF500,6463
ZNF503,3205
ZNF513,2370
ZNF519,15787
ZNF530,6096
ZNF536,8659
ZNF540,4386
ZNF544,7216
ZNF552,2989
ZNF562,13022
ZNF563,2847
ZNF565,3737
ZNF566,6481
ZNF567,4736
ZNF568,9437
ZNF569,5016
ZNF57,2324
ZNF571,6208
ZNF573,4689
ZNF574,4669
ZNF575,3222
ZNF576,3481
ZNF577,11744
ZNF578,6802
ZNF579,3320
ZNF580,2604
ZNF582,3350
ZNF583,8060
ZNF586,5480
ZNF595,3929
ZNF600,6964
ZNF611,7148
ZNF618,10384
ZNF620,3783
ZNF626,6835
ZNF628,3566
ZNF639,6819
ZNF644,7604
ZNF652,11813
ZNF654,6800
ZNF66,5682
ZNF665,7601
ZNF668,3855
ZNF670,4197
ZNF672,3741
ZNF675,6785
ZNF677,9348
ZNF680,5561
ZNF681,6497
ZNF682,4967
ZNF689,4162
ZNF69,3362
ZNF691,2036
ZNF692,3929
ZNF696,5903
ZNF699,6758
ZNF7,10242
ZNF701,7201
ZNF703,3316
ZNF708,4325
ZNF710,5004
ZNF711,5045
ZNF714,9842
ZNF718,5073
ZNF720,9816
ZNF721,6390
ZNF724,3326
ZNF726,6289
ZNF730,3243
ZNF737,8978
ZNF738,9622
ZNF749,4637
ZNF75A,8063
ZNF76,6782
ZNF764,2989
ZNF766,7319
ZNF77,2437
ZNF771,5527
ZNF775,2541
ZNF784,2024
ZNF785,4950
ZNF786,3273
ZNF787,3686
ZNF789,6645
ZNF790,3854
ZNF791,6642
ZNF793,12007
ZNF800,5793
ZNF804A,4527
ZNF814,13421
ZNF823,2459
ZNF836,4733
ZNF837,2046
ZNF839,5595
ZNF843,4568
ZNF846,3912
ZNF880,3719
ZNF90,6088
ZNF92,3513
ZNF93,5579
ZNHIT6,6203
ZNRF1,8830
ZNRF2,3403
ZPR1,7058
ZRANB1,5993
ZRANB2,4985
ZRANB3,9097
ZSCAN16,1279
ZSCAN2,4878
ZSCAN21,2142
ZSCAN5A,8039
ZSCAN9,3710
ZSWIM4,4713
ZSWIM6,5518
ZW10,2916
ZWILCH,4851
ZWINT,2377
ZXDC,7329
ZYX,3267
